Authors,Author full names,Author(s) ID,Title,Year,Source title,Volume,Issue,Art. No.,Page start,Page end,Page count,Cited by,DOI,Link,Abstract,Author Keywords,Index Keywords,Document Type,Publication Stage,Open Access,Source,EID
Faulhaber M.E.; Lee J.E.; Gentile D.A.,"Faulhaber, Manuela Ellen (57201969402); Lee, Jeong Eun (55601493500); Gentile, Douglas A. (7004297104)",57201969402; 55601493500; 7004297104,The Effect of Self-Monitoring Limited Social Media Use on Psychological Well-Being,2023,"Technology, Mind, and Behavior",4,2,,,,,7,10.1037/tmb0000111,https://www.scopus.com/inward/record.uri?eid=2-s2.0-85175708666&doi=10.1037%2ftmb0000111&partnerID=40&md5=958d959bbe4f1015648ec895c5cd111c,"An experimental study was conducted to investigate the effect of self-monitoring limited social media usage on psychological well-being. After completing pretest measures, 230 undergraduate students from a large Midwestern university were randomly assigned to one of two experimental conditions: either limit their social media usage to 30 min a day or to use social media as usual. After 2 weeks of limiting, the self-monitored group showed significant improvements in their psychological well-being. Anxiety, depression, loneliness, fear of missing out, and negative affect decreased while positive affect increased. These results suggest that limiting social media usage may improve psychological well-being on multiple dimensions. This study is one of the first to experimentally investigate feasible alternatives to social media use abstinence or experimenter-managed limitation. Future studies could investigate motivations and mechanisms of social media use through qualitative explorations. © 2023 The Author(s)",human–computer interaction; media effects; social media; well-being,,Article,Final,All Open Access; Gold Open Access,Scopus,2-s2.0-85175708666
Sewall C.J.R.; Goldstein T.R.; Wright A.G.C.; Rosen D.,"Sewall, Craig J. R. (57204622883); Goldstein, Tina R. (10139501700); Wright, Aidan G. C. (57198696716); Rosen, Daniel (36244164100)",57204622883; 10139501700; 57198696716; 36244164100,"Does Objectively Measured Social-Media or Smartphone Use Predict Depression, Anxiety, or Social Isolation Among Young Adults?",2022,Clinical Psychological Science,10,5,,997,1014,17,23,10.1177/21677026221078309,https://www.scopus.com/inward/record.uri?eid=2-s2.0-85127254549&doi=10.1177%2f21677026221078309&partnerID=40&md5=4667da3016d2769f97bde43c63b280aa,"Despite a plethora of research, the link between digital-technology use and psychological distress among young adults remains inconclusive. Findings in this area are typically undermined by methodological limitations related to measurement, study design, and statistical analysis. Addressing these limitations, we examined the prospective, within-persons associations between three aspects of objectively measured digital-technology use (duration and frequency of smartphone use, duration of social-media use) and three aspects of psychological distress (depression, anxiety, and social isolation) among a sample of young adults (N = 384). Across 81 different model specifications, we found that most within-persons prospective effects between digital-technology use and psychological distress were statistically nonsignificant, and all were very small—even the largest effects were unlikely to register a meaningful impact on a person’s psychological distress. In post hoc subgroup analyses, we found scant evidence for the claim that digital-technology use is more harmful for women and/or younger people. © The Author(s) 2022.",anxiety; depression; human-computer interaction; loneliness; longitudinal methods; open data,,Article,Final,All Open Access; Green Open Access,Scopus,2-s2.0-85127254549
Domoff S.E.; Armstrong S.B.; Rollings H.; Mancuso A.; Pacheco M.B.; Fridson R.; Janney C.A.,"Domoff, Sarah E. (36801060800); Armstrong, Stacey B. (57957941500); Rollings, Heide (57220591137); Mancuso, Amy (57220588916); Pacheco, Mary B. (59380969400); Fridson, Russell (59380508300); Janney, Carol A. (56769338600)",36801060800; 57957941500; 57220591137; 57220588916; 59380969400; 59380508300; 56769338600,Problematic and Harmful Social Media Use among Adolescents Receiving Intensive Psychiatric Care,2024,International Journal of Environmental Research and Public Health,21,10,1328,,,,0,10.3390/ijerph21101328,https://www.scopus.com/inward/record.uri?eid=2-s2.0-85207299075&doi=10.3390%2fijerph21101328&partnerID=40&md5=731d4857eb7cf26f686ec9850e56313b,"Although research has shown both positive and negative mental health correlates of social media use, few studies focus on adolescents who are receiving intensive psychiatric care. The purpose of this study was to describe problematic media use, experiences of cybervictimization and sextortion, and correlates with adolescents’ health in a sample of adolescents (N = 97; 53.6% female) in a partial psychiatric hospitalization program. Approximately one-quarter of participants reported being cybervictimized at least once over the past month and 17.5% of participants reported ever experiencing sextortion. Greater problematic media use was associated with lower physical activity and greater feelings of loneliness. In a subsample of 51 participants, questions were asked regarding who they had gone to for support regarding experiences of online harm, and barriers to disclosing such experiences. The majority of youth who experienced cybervictimization indicated going to a friend for support but rarely endorsed telling a mental health clinician about it. Even fewer disclosed their experience of sextortion, with nearly half reporting not telling anyone (44.4%). Given the rates of online harm experienced by youth in acute psychiatric treatment, screening for and conducting brief interventions on problematic or risky social media use is recommended. © 2024 by the authors.",adolescent; cyberbullying; cybervictimization; mental health; problematic media; sextortion; social media,Adolescent; Adolescent Behavior; Female; Humans; Loneliness; Male; Mental Disorders; Social Media; antidepressant agent; adolescence; health care; mental health; public health; social media; adolescent; anxiety; Article; attention deficit hyperactivity disorder; binge eating disorder; caloric intake; cyberbullying; depression; drug therapy; DSM-5; female; game addiction; hospitalization; human; human experiment; image-based sexual abuse; intensive psychiatric care; Likert scale; loneliness; male; mental health; mental health care; normal human; physical activity; psychoeducation; psychosis; sleep apnea syndromes; social media; social media addiction; sociodemographics; suicidal ideation; UCLA Loneliness Scale; adolescent behavior; mental disease; psychology; social media; therapy,Article,Final,All Open Access; Gold Open Access,Scopus,2-s2.0-85207299075
Zhao J.; Zhou Z.; Sun B.; Zhang X.; Zhang L.; Fu S.,"Zhao, Jin (57646429800); Zhou, Zinuan (58025273100); Sun, Bo (57219294372); Zhang, Xinyuan (57219297873); Zhang, Lin (58027114600); Fu, Shimin (7402732622)",57646429800; 58025273100; 57219294372; 57219297873; 58027114600; 7402732622,Attentional Bias Is Associated with Negative Emotions in Problematic Users of Social Media as Measured by a Dot-Probe Task,2022,International Journal of Environmental Research and Public Health,19,24,16938,,,,13,10.3390/ijerph192416938,https://www.scopus.com/inward/record.uri?eid=2-s2.0-85144575962&doi=10.3390%2fijerph192416938&partnerID=40&md5=f7b4881d21469ef0c13f86b2c7901eb1,"Objective: Social media (SM) have flourished and are affecting human lives on an unprecedented scale. Problematic social media use (PSMU) is a recently emerging problematic behavior that affects both physical and mental health. The purpose of this study was to investigate whether problematic users of SM display attentional bias (AB) toward SM-related cues, as well as the relationships between AB, the severity of PSMU, and negative emotions. Method: 1000 college students were recruited through classes and online forums and then tested using the Bergen Social Media Addiction Scale (BSMAS). Eventually, 60 participants, identified by the cut-off point for BSMAS, consented to participate in the study and were divided into two groups (i.e., a problematic use group and a typical use group). The severity of PSMU and negative emotions (i.e., anxiety, depression, social fear, and loneliness) were evaluated by self-report questionnaires. AB was assessed by an addiction Stroop task and a dot-probe task (DPT). Results: PSMU was found to be positively associated with anxiety (r = 0.28, p < 0.05), depression (r = 0.35, p < 0.01), and social fear (r = 0.38, p < 0.01), but not with loneliness (r = 0.19, p = 0.15). Participants with a tendency toward PSMU displayed AB toward SM-related cues in the DPT [F (1, 58) = 26.77, p < 0.001, (Formula presented.) = 0.32], but not in the Stroop task [F (1, 58) = 0.61, p = 0.44, (Formula presented.) = 0.01]. Moreover, AB toward SM-related stimuli was found to be positively correlated with the severity of PSMU (r = −0.51, p < 0.001), anxiety (r = −0.37, p < 0.01), depression (r = −0.51, p < 0.001), and social fear (r = −0.30, p < 0.05) in the DPT. Conclusions: Problematic users of SM show AB towards SM-related cues in the DPT, which is more reliable for assessing AB than the Stroop task. Moreover, it is suggested that in clinical interventions we should work to change the AB towards SM-related stimuli and improve negative emotions to decrease risks of PSMU. © 2022 by the authors.",attentional bias; dot-probe task; negative emotion; problematic social media use; Stroop task,Anxiety; Attentional Bias; Emotions; Fear; Humans; Loneliness; Social Media; mental disorder; mental health; social media; addiction stroop task; adult; anxiety assessment; anxiety disorder; Article; attentional bias; behavior assessment; bergen social media addiction scale; depression; diagnostic procedure; disease assessment; dot probe task; emotion; experimental test; female; Generalized Anxiety Disorder-7; human; human experiment; Likert scale; loneliness; loneliness scale; male; mental health; Patient Health Questionnaire 9; questionnaire; social anxiety; social media; social media addiction; anxiety; emotion; fear,Article,Final,All Open Access; Gold Open Access; Green Open Access,Scopus,2-s2.0-85144575962
Khan A.; McLeod G.; Hidajat T.; Edwards E.J.,"Khan, Asaduzzaman (55256015300); McLeod, Geoffrey (58249760700); Hidajat, Tarissa (58025462900); Edwards, Elizabeth J (57917402000)",55256015300; 58249760700; 58025462900; 57917402000,"Excessive Smartphone Use is Associated with Depression, Anxiety, Stress, and Sleep Quality of Australian Adults",2023,Journal of Medical Systems,47,1,109,,,,4,10.1007/s10916-023-02005-3,https://www.scopus.com/inward/record.uri?eid=2-s2.0-85174489696&doi=10.1007%2fs10916-023-02005-3&partnerID=40&md5=e48e57a9b88d24c0574e32c22805abef,"Problematic smartphone use has been associated with poorer mental health in different population groups; however, little is known about how levels of smartphone use were associated with mental health outcomes of adults in Australia. Using data from a cross-sectional survey among Australian adults aged 18–59 years (n = 655, Mean = 24.55 [SD = 5.59] years; 66% female), the current study aimed to examine association between problematic smartphone use and different psychological outcomes. Participants completed measures of problematic smartphone use with Mobile Phone Problem Use Scale (MPPUS), mental health outcomes with Depression, Anxiety, and Stress Scale (DASS-21), and Pittsburgh Sleep Quality Index (PSQI), in addition to some socio-demographics. Smartphone use was categorised into three groups: low-moderate, moderate-high, and high-severe. A total of 160 adults (24.4%) reported high-severe smartphone use. Multivariable linear regression analyses showed that smartphone use was inversely associated with psychological outcomes in a dose-dependent manner with high-severe smartphone uses having the most adverse effects. Compared to low-moderate use, average depression score was 3.5 points higher for moderate-high smartphone use (β = 3.51, 95% CI: 1.63–5.40) and 6.9 points higher for high-severe smartphone use (β = 6.91, 95% CI: 4.74–9.07). Similarly, average stress score was 3.4 points higher for moderate-high smartphone use (β = 3.40, 95% CI: 1.75–5.06) and 7.0 points higher for high-severe smartphone use (β = 7.02, 95% CI: 5.11–8.93). Similar association estimates were found for anxiety and sleep quality. Reducing smartphone use has the potential to optimise depression, anxiety, stress, and sleep quality; however, longitudinal research is warranted to establish directionality of the association. © 2023, The Author(s).",Anxiety; Depression; Sleep Quality; Smartphone use; Stress,"Adult; Anxiety; Australia; Cross-Sectional Studies; Depression; Female; Humans; Male; Sleep Quality; Smartphone; adult; anxiety disorder; Article; Australian; clinical outcome; cross-sectional study; depression; Depression, Anxiety and Stress Scale; descriptive research; disease association; disease severity; female; full time employment; health survey; high school graduate; human; internal consistency; linear regression analysis; loneliness; major clinical study; male; mental disease assessment; mental health; mobile phone addiction; mobile phone problem use scale; neuropathology; online monitoring; parttime employment; physiological stress; Pittsburgh Sleep Quality Index; sleep quality; social media; sociodemographics; anxiety; Australia; depression",Article,Final,All Open Access; Green Open Access; Hybrid Gold Open Access,Scopus,2-s2.0-85174489696
Hussain Z.; Ferreira R.; Kuss D.J.,"Hussain, Zaheer (23567987300); Ferreira, Ruben (58546333900); Kuss, Daria J. (41762055600)",23567987300; 58546333900; 41762055600,The feasibility of smartphone interventions to decrease problematic use of social networking sites: A randomised controlled trial,2023,Psychiatry Research Communications,3,3,100132,,,,0,10.1016/j.psycom.2023.100132,https://www.scopus.com/inward/record.uri?eid=2-s2.0-85168573061&doi=10.1016%2fj.psycom.2023.100132&partnerID=40&md5=0033c776065e53ac48ec0e6d127f1f2b,"Background: With increasing use of social networking sites (SNSs), concerns have been raised regarding problematic social networking site use (PSNSU), including associations with mental health and well-being. Aims: The present study examined the impact of smartphone interventions on PSNSU and explored the differences in overtime variations in PSNSU, psychiatric disorder symptoms, loneliness, and general health. Methods: A six-week longitudinal randomised controlled trial (RCT) was carried out. A total of 110 participants were randomly assigned to a mindfulness group (MG, n ​= ​34) in which participants were presented with a brief mindfulness-based instruction set that tackles addictive urges, SNS intervention group (SIG, n ​= ​39); participants were given brief tips and advice about managing SNS use, or control group (CG, n ​= ​37); general health and lifestyle advice was provided. Results: The results revealed significant main effects of time for the variables of general health, anxiety, PSNSU, and loneliness across all interventions. Anxiety and PSNSU levels decreased over time. Participants psychiatric wellbeing scores also decreased across time. Conclusions: The study demonstrates the feasibility of smartphone interventions to reduce negative health consequences and PSNSU. Smartphone interventions may prove to be effective in clinical settings. © 2023 The Authors",Addiction; Health; Mindfulness; Problematic social networking site use; Smartphone intervention,adult; anxiety; Article; Beck Anxiety Inventory; behavior disorder assessment; Bergen Social Media Addiction Scale; Center for Epidemiological Studies Depression Scale; controlled study; depression; Desires for Alcohol Questionnaire Short Form; female; General Health Questionnaire-12; human; loneliness; longitudinal study; male; mindfulness; psychological well-being; randomized controlled trial; Revised UCLA Loneliness Scale; social media addiction,Article,Final,All Open Access; Gold Open Access,Scopus,2-s2.0-85168573061
Reed P.; Fowkes T.; Khela M.,"Reed, Phil (7202010595); Fowkes, Tegan (58094644700); Khela, Mariam (58094367500)",7202010595; 58094644700; 58094367500,Reduction in Social Media Usage Produces Improvements in Physical Health and Wellbeing: An RCT,2023,Journal of Technology in Behavioral Science,8,2,,140,147,7,9,10.1007/s41347-023-00304-7,https://www.scopus.com/inward/record.uri?eid=2-s2.0-85147556172&doi=10.1007%2fs41347-023-00304-7&partnerID=40&md5=ac350c4068219d1fa4365c095ea7f3e3,"Social media usage has increased over recent years and has been associated with negative effects on health and wellbeing. This study explored whether reducing smartphone screentime would improve health and wellbeing. Fifty students completed a battery of questionnaires regarding their health, immune function, loneliness, sleep, anxiety, and depression. They were allocated randomly to groups either using smartphones as normal (No Change), reducing usage by 15 min per day (Reduce), or reducing use by 15 min and substituting another activity during this time (Reduce + Activity). After 3 months, they completed the same questionnaires again. There was unexpectedly low compliance with the Reduce + Activity (leisure substitution) intervention. In contrast, there was a significant reduction in screentime for the Reduce group compared to the other two groups. There was a significant improvement in the Reduce group in general health, immune function, loneliness, and depression compared to the other groups. These findings extend previous results from similar studies and suggest limiting screentime may be beneficial to health and wellbeing. © 2023, The Author(s).",Health; Social media usage reduction; Wellbeing,,Article,Final,All Open Access; Green Open Access; Hybrid Gold Open Access,Scopus,2-s2.0-85147556172
de Hesselle L.C.; Montag C.,"de Hesselle, Lea C. (57219866244); Montag, Christian (23009620300)",57219866244; 23009620300,Effects of a 14-day social media abstinence on mental health and well-being: results from an experimental study,2024,BMC Psychology,12,1,141,,,,2,10.1186/s40359-024-01611-1,https://www.scopus.com/inward/record.uri?eid=2-s2.0-85187713263&doi=10.1186%2fs40359-024-01611-1&partnerID=40&md5=47891ad8369f87e394235def6afd74ee,"Background and aim: The study investigated the effects of a 14-day social media abstinence on various mental health factors using an experimental design with follow-up assessment. Hypotheses included positive associations between problematic smartphone use (PSU) and depression, anxiety, fear of missing out (FoMO), and screentime. Decreases in screentime, PSU, depression and anxiety, and increases in body image were assumed for the abstinence group. Additionally, daily changes in FoMO and loneliness were explored. Methods: Participants completed different questionnaires assessing PSU, FoMO, depression and anxiety, loneliness and body image and were randomized into control and social media abstinence groups. Daily questionnaires over 14 days assessed FoMO, loneliness, screentime, and depression and anxiety. 14 days after the abstinence, a follow-up questionnaire was administered. Multilevel models were used to assess changes over time. Results: PSU was positively associated with symptoms of depression, anxiety and FoMO, but not with screentime. Spline models identified decreased screentime and body image dissatisfaction for the intervention group. Depression and anxiety symptoms, PSU, trait and state FoMO, and loneliness, showed a decrease during the overall intervention time but no difference between the investigated groups could be observed (hence this was an overall trend). For appearance evaluation and body area satisfaction, an increase in both groups was seen. Daily changes in both loneliness and FoMO were best modelled using cubic trends, but no group differences were significant. Discussion: Results provide insights into effects of not using social media for 14 days and show that screentime and body image dissatisfaction decrease. The study also suggests areas for future studies to better understand how and why interventions show better results for some individuals. © The Author(s) 2024.",Abstinence; Body image; FoMO; Loneliness; PSU; Social media,Anxiety; Fear; Humans; Mental Health; Social Media; Surveys and Questionnaires; anxiety; controlled study; fear; human; mental health; psychology; questionnaire; randomized controlled trial; social media,Article,Final,All Open Access; Gold Open Access; Green Open Access,Scopus,2-s2.0-85187713263
Peterson C.C.,"Peterson, Candida C. (7402987890)",7402987890,Conversations that warm the heart: positive and negative links to the mental health challenges of the Covid-19 pandemic,2023,Journal of Public Health (United Kingdom),45,2,,499,504,5,1,10.1093/pubmed/fdac034,https://www.scopus.com/inward/record.uri?eid=2-s2.0-85163889904&doi=10.1093%2fpubmed%2ffdac034&partnerID=40&md5=3a85623cb76671102ac2fe807a7c1709,"Background: Public-health precautions to curb Covid-19 (e.g. lockdowns) threaten mental health and emotional wellbeing, especially for today's youngest adults. Their overuse of solitary, screen-mediated social media, plus underdeveloped in-person conversation skills, heighten their vulnerability to mental health problems such as loneliness, anxiety and depression. Methods: To explore interconnections among variables such as social media use, empathic skills for in-person conversation and strategies for coping with Covid-19 anxiety, Australian 18- to 26-year-olds took several novel in-depth questionnaire measures that were purpose-built for the present research. Results: Main findings were threefold: (i) Individuals who most frequently and wholeheartedly enjoyed live in-person conversations with friends suffered the most Covid-19 anxiety, worry and stress during periods of pandemic restriction. (ii) Empathic conversational skills were highest among those who conversed in-person (by phone or face-to-face) most often and were lowest for those who rarely did so and/or had little skill with in-person conversation. (iii) Those who gained the greatest relief from anxiety (e.g. about Covid-19) through solitary use of screen-based social media and games had the fewest empathic conversational skills. Conclusions: Implications of these findings for suggesting possible future interventions to help young people cope with public health measures such as lockdowns and to foster community health and wellbeing are discussed.  © 2022 The Author(s). Published by Oxford University Press on behalf of Faculty of Public Health. All rights reserved.",,Adolescent; Adult; Australia; Communicable Disease Control; COVID-19; Humans; Mental Health; Pandemics; adolescent; adult; Australia; communicable disease control; coronavirus disease 2019; human; mental health; pandemic,Article,Final,All Open Access; Bronze Open Access,Scopus,2-s2.0-85163889904
Ghanayem L.K.; Shannon H.; Khodr L.; McQuaid R.J.; Hellemans K.G.C.,"Ghanayem, Leen K. (58884199600); Shannon, Holly (57349172200); Khodr, Lida (58884622500); McQuaid, Robyn J. (55158032700); Hellemans, Kim G.C. (6603516223)",58884199600; 57349172200; 58884622500; 55158032700; 6603516223,Lonely and scrolling during the COVID-19 pandemic: understanding the problematic social media use and mental health link among university students,2024,Frontiers in Psychiatry,15,,1247807,,,,2,10.3389/fpsyt.2024.1247807,https://www.scopus.com/inward/record.uri?eid=2-s2.0-85184904503&doi=10.3389%2ffpsyt.2024.1247807&partnerID=40&md5=fa28ffa0a58f2fd07dc7ca82c921cae2,"Introduction: Undergraduate university students experienced many academic and non-academic stressors during the first year of the coronavirus (COVID-19) pandemic, putting them at a greater risk of negative mental health outcomes. Reports worldwide have shown high incidences of depressive, anxiety, and stress scores among university students at the beginning of the pandemic. Emerging evidence also suggests that to cope with the stress and loneliness of the pandemic, many youth and young adults increased the amount of time they spent on social media platforms. Methods: Undergraduate students participated in an online study aimed to understand the link between time spent on social media, coping through the use of social media and problematic social media use (PSMU) with mental health symptoms, such as stress, depression, anxiety, and loneliness, during the COVID-19 pandemic. Results: While time spent on social media was only weakly associated with stress, depression, anxiety and loneliness scores, PSMU more strongly mapped onto these outcomes. Additionally, students who were coping highly using social media displayed elevated stress, depression, anxiety and loneliness levels in comparison to those reporting low levels of coping with social media. Finally, students who reported high levels of coping using social media displayed higher PSMU scores, with this relationship appearing more pronounced in students who had higher levels of loneliness. Conclusion: These data support evidence that it is not necessarily time spent on social media but rather PSMU that is relevant for mental health symptoms, and that PSMU is exacerbated by loneliness. Moreover, the current results highlight the effects of maladaptive coping on mental health symptoms and PSMU among university students during the COVID-19 pandemic. Copyright © 2024 Ghanayem, Shannon, Khodr, McQuaid and Hellemans.",coping; COVID-19; loneliness; problematic social media use; stress; university students,"adult; agitation; anhedonia; anxiety; Article; coping behavior assesment; coronavirus disease 2019; depression; Depression, Anxiety and Stress Scale; Depression, Anxiety and Stress Scale-21; dysphoria; female; hopelessness; human; irritability; loneliness; major clinical study; male; mental health; pandemic; physiological stress; questionnaire; social media; UCLA Loneliness Scale; university student",Article,Final,All Open Access; Gold Open Access; Green Open Access,Scopus,2-s2.0-85184904503
Singh S.; Singh S.,"Singh, Shweta (59520687600); Singh, Seema (59520798100)",59520687600; 59520798100,Perceptions of Indian Students Towards Bullying; Intervention Through Bullying Intervention Module (BIM),2025,SAGE Open,15,1,,,,,0,10.1177/21582440241305199,https://www.scopus.com/inward/record.uri?eid=2-s2.0-85215503179&doi=10.1177%2f21582440241305199&partnerID=40&md5=fcd21738a5c04be941adef5586d00c48,"Bullying, a pernicious affliction that indiscriminately afflicts students of all ages and backgrounds, is a scourge that demands our attention. It involves a pattern of conduct whereby one individual is repeatedly targeted for aggression by one or more others, often due to a power imbalance. In response to this pressing issue, the present study endeavored to address bullying among secondary-level students by implementing a Bullying Intervention Module, while also seeking to explore the root causes and consequences of such behavior. The module, which was designed to raise awareness, promote self-reflection, and foster a commitment to new behaviors, was developed with great care and attention to detail. This study was conducted using a mixed-method approach that combined qualitative and quantitative methods. In the quantitative phase of the study, a quasi-experimental pre-test and posttest with a control group design were employed, with a total of 60 students from class 9th, selected purposively. The findings revealed that the intervention had a significant impact on students’ awareness and behavior in relation to bullying. In the qualitative phase of the study, a semi-structured interview schedule was utilized. The results showed that students perceived financial condition, physical appearance, being different from others, enjoyment, violence, revenge, power, and social media use as major causes of bullying, with the consequences including school absenteeism, drop-outs, low academic achievement, anxiety, stress, depression, shyness, aggression, loneliness, and even suicide. © The Author(s) 2025.",bullying awareness; bullying intervention module; causes; consequences; secondary-level students,,Article,Final,All Open Access; Gold Open Access,Scopus,2-s2.0-85215503179
Tibber M.S.; Milne G.; Fonagy P.; Dekker T.M.,"Tibber, Marc S. (10143727100); Milne, Georgia (57219187299); Fonagy, Peter (7004981532); Dekker, Tessa M. (36666127500)",10143727100; 57219187299; 7004981532; 36666127500,The online world as a means of connection and disconnection during the COVID-19 pandemic: A test of the interpersonal-connections-behaviour framework,2024,Journal of Affective Disorders,347,,,533,540,7,1,10.1016/j.jad.2023.12.006,https://www.scopus.com/inward/record.uri?eid=2-s2.0-85181700096&doi=10.1016%2fj.jad.2023.12.006&partnerID=40&md5=91ea6b2f2eb592599219e6c45f0db708,"Background: The interpersonal-connections-behaviour framework proposes that social media is helpful/unhelpful to the individual to the extent that it facilitates/hinders satisfaction of core needs for acceptance and belonging (connecting and disconnecting pathways). However, little research has, to date, explicitly tested this framework. Methods: Both pathways were explored in a cross-sectional sample of UK adults at the start of the pandemic (N = 632) and in longitudinal (cross-lagged) analyses (N = 227–240). Participants completed measures of online and offline socialising with friends and family (connecting pathway), and online and offline social comparisons (disconnecting pathway), anxiety, depression and loneliness. Results: In cross-sectional analyses higher levels of online comparisons were associated with poorer mental health, an effect that survived after controlling for offline comparisons, and was partially mediated by loneliness. Counter to our predictions, online socialising was also associated with poorer mental health. Longitudinal analyses did not support predicted directions of causality. Limitations: Limitations include a lack of testing of individual-level moderators, the use of single item questions to probe some constructs, and an inability to test for effects potentially operating at different time-scales. Conclusions: The findings reported partially support the interpersonal-connections-behaviour framework in highlighting a disconnecting (but not connecting) pathway between online engagement and mental health. From a clinical perspective they highlight the importance of including people's online lives when considering mental health risk and resilience, particularly (one might argue) during periods of social isolation. © 2023 The Authors",Anxiety; Depression; Loneliness; Social connection; Social media; Social network site,Adult; Anxiety; COVID-19; Cross-Sectional Studies; Depression; Humans; Loneliness; Pandemics; Social Isolation; adult; aged; anxiety disorder; Article; causality; controlled study; coronavirus disease 2019; cross-sectional study; demographics; depression; ethnicity; family; female; friend; Generalized Anxiety Disorder-7; human; loneliness; longitudinal study; major clinical study; male; mental health; middle aged; pandemic; Patient Health Questionnaire 9; prediction; Revised UCLA Loneliness Scale; social comparison; social connectedness; social isolation; symptomatology; United Kingdom; very elderly; young adult; anxiety; depression; pandemic; psychology,Article,Final,All Open Access; Green Open Access; Hybrid Gold Open Access,Scopus,2-s2.0-85181700096
Edler J.-S.; Terhorst Y.; Pryss R.; Baumeister H.; Cohrdes C.,"Edler, Johanna-Sophie (57224318263); Terhorst, Yannik (57195983861); Pryss, Rüdiger (36142027900); Baumeister, Harald (55844241000); Cohrdes, Caroline (55123168500)",57224318263; 57195983861; 36142027900; 55844241000; 55123168500,Messenger Use and Video Calls as Correlates of Depressive and Anxiety Symptoms: Results From the Corona Health App Study of German Adults During the COVID-19 Pandemic,2024,Journal of Medical Internet Research,26,,e45530,,,,0,10.2196/45530,https://www.scopus.com/inward/record.uri?eid=2-s2.0-85204073792&doi=10.2196%2f45530&partnerID=40&md5=8d4a90f315aa1b2e35ce883f5248bd7e,"Background: Specialized studies have shown that smartphone-based social interaction data are predictors of depressive and anxiety symptoms. Moreover, at times during the COVID-19 pandemic, social interaction took place primarily remotely. To appropriately test these objective data for their added value for epidemiological research during the pandemic, it is necessary to include established predictors. Objective: Using a comprehensive model, we investigated the extent to which smartphone-based social interaction data contribute to the prediction of depressive and anxiety symptoms, while also taking into account well-established predictors and relevant pandemic-specific factors. Methods: We developed the Corona Health App and obtained participation from 490 Android smartphone users who agreed to allow us to collect smartphone-based social interaction data between July 2020 and February 2021. Using a cross-sectional design, we automatically collected data concerning average app use in terms of the categories video calls and telephony, messenger use, social media use, and SMS text messaging use, as well as pandemic-specific predictors and sociodemographic covariates. We statistically predicted depressive and anxiety symptoms using elastic net regression. To exclude overfitting, we used 10-fold cross-validation. Results: The amount of variance explained (R2) was 0.61 for the prediction of depressive symptoms and 0.57 for the prediction of anxiety symptoms. Of the smartphone-based social interaction data included, only messenger use proved to be a significant negative predictor of depressive and anxiety symptoms. Video calls were negative predictors only for depressive symptoms, and SMS text messaging use was a negative predictor only for anxiety symptoms. Conclusions: The results show the relevance of smartphone-based social interaction data in predicting depressive and anxiety symptoms. However, even taken together in the context of a comprehensive model with well-established predictors, the data only add a small amount of value. ©Johanna-Sophie Edler, Yannik Terhorst, Rüdiger Pryss, Harald Baumeister, Caroline Cohrdes.",anxiety; depression; mobile phone; passive data; predicting mental health,Adult; Aged; Anxiety; COVID-19; Cross-Sectional Studies; Depression; Female; Germany; Humans; Male; Middle Aged; Mobile Applications; Pandemics; SARS-CoV-2; Smartphone; Social Interaction; Social Media; Text Messaging; Young Adult; adult; aged; alcohol consumption; anxiety disorder; Article; controlled study; COPE inventory; coronavirus disease 2019; cross-sectional study; depression; educational status; elastic tissue; employment status; female; Germany; high school; hopelessness; human; least absolute shrinkage and selection operator; lockdown; loneliness; major clinical study; male; mass communication; mean absolute error; measurement error; melancholia; messenger use; middle school; pandemic; physical abuse; root mean squared error; social interaction; social media; social stigma; television viewing; text messaging; videoconferencing; anxiety; coronavirus disease 2019; depression; epidemiology; middle aged; mobile application; psychology; Severe acute respiratory syndrome coronavirus 2; smartphone; social interaction; social media; young adult,Article,Final,All Open Access; Gold Open Access,Scopus,2-s2.0-85204073792
Wilding S.; O'Connor D.B.; Ferguson E.; Wetherall K.; Cleare S.; O'Carroll R.E.; Robb K.A.; O'Connor R.C.,"Wilding, Sarah (36834448200); O'Connor, Daryl B. (57221669186); Ferguson, Eamonn (7102858467); Wetherall, Karen (56600569900); Cleare, Seonaid (51863371400); O'Carroll, Ronan E. (7006759100); Robb, Kathryn A. (35619646000); O'Connor, Rory C. (7202869264)",36834448200; 57221669186; 7102858467; 56600569900; 51863371400; 7006759100; 35619646000; 7202869264,"Information seeking, mental health and loneliness: Longitudinal analyses of adults in the UK COVID-19 mental health and wellbeing study",2022,Psychiatry Research,317,,114876,,,,8,10.1016/j.psychres.2022.114876,https://www.scopus.com/inward/record.uri?eid=2-s2.0-85139278753&doi=10.1016%2fj.psychres.2022.114876&partnerID=40&md5=90b004156b36c4f7e71874b1da586a67,"Information seeking has generally been seen as an adaptive response to the COVID-19 pandemic. However, it may also result in negative outcomes on mental health. The present study tests whether reporting COVID-related information seeking throughout the pandemic is associated with subsequently poorer mental health outcomes. A quota-based, non-probability-sampling methodology was used to recruit a nationally representative sample. COVID-related information seeking was assessed at six waves along with symptoms of depression, anxiety, mental wellbeing and loneliness (N = 1945). Hierarchical linear modelling was used to assess the relationship between COVID-related information seeking and mental health outcomes. Information seeking was found to reduce over time. Overall, women, older and higher socioeconomic group individuals reported higher levels of information seeking. At waves 1-4 (March-June 2020) the majority of participants reported that they sought information on Covid 1-5 times per day, this decreased to less than once per day in waves 5 and 6 (July-November 2020). Higher levels of information seeking were associated with poorer mental health outcomes, particularly clinically significant levels of anxiety. Use of a non-probability sampling method may have been a study limitation, nevertheless, reducing or managing information seeking behaviour may be one method to reduce anxiety during pandemics and other public health crises. © 2022",Anxiety; Coronavirus; Depression; Isolation; Public health; Social media,Adult; Anxiety; COVID-19; Depression; Female; Humans; Information Seeking Behavior; Loneliness; Mental Health; Pandemics; SARS-CoV-2; United Kingdom; adult; anxiety disorder; Article; controlled study; depression; fatigue; female; generalized anxiety disorder; human; male; pandemic; psychological well-being; public health; scientific literature; social media; social status; social support; wellbeing; anxiety; depression; information seeking; loneliness; mental health; psychology; United Kingdom,Article,Final,All Open Access; Green Open Access; Hybrid Gold Open Access,Scopus,2-s2.0-85139278753
Taylor Z.; Yankouskaya A.; Panourgia C.,"Taylor, Zoe (57527198600); Yankouskaya, Ala (55517070500); Panourgia, Constantina (37102329000)",57527198600; 55517070500; 37102329000,"Social media use, loneliness and psychological distress in emerging adults",2024,Behaviour and Information Technology,43,7,,1312,1325,13,5,10.1080/0144929X.2023.2209797,https://www.scopus.com/inward/record.uri?eid=2-s2.0-85161915254&doi=10.1080%2f0144929X.2023.2209797&partnerID=40&md5=c760ac98b1a0f21b675810c0e3415721,"Social media plays a dominant role in emerging adults’ lives, with evidence showing that it can contribute to elevated levels of psychological distress. However, existing findings are contradictory, insofar as the connection between social media use (SMU) and psychological distress remains unclear. To gain a better insight into the above relationship, we focused on different styles of engagement with social media (active social, active non-social, and passive) and examined whether their impact on depression, anxiety and stress symptoms is mediated by loneliness. Data were collected via an online survey from 288 emerging adults in the UK. It was found that increased passive SMU was associated with higher anxiety, depression and stress symptoms; loneliness was associated with both SMU and psychological distress, while increased active non-social media use was associated with decreased stress. However, loneliness showed significant mediation effects only on the relation between passive SMU and psychological distress. Limitations, future research directions and suggestions for practice are discussed. © 2023 Informa UK Limited, trading as Taylor & Francis Group.",anxiety; depression; emerging adults; loneliness; Social media use; stress,Anxiety; Depression; Elevated level; Emerging adult; Loneliness; Media use; Online surveys; Psychological distress; Social media; Social medium use; Social networking (online),Article,Final,All Open Access; Bronze Open Access; Green Open Access,Scopus,2-s2.0-85161915254
Grelle K.; Shrestha N.; Ximenes M.; Perrotte J.; Cordaro M.; Deason R.G.; Howard K.,"Grelle, Kaitlin (57815180200); Shrestha, Neha (57950330800); Ximenes, Megan (57950824700); Perrotte, Jessica (56574178200); Cordaro, Millie (55216714400); Deason, Rebecca G. (8967659400); Howard, Krista (25641340200)",57815180200; 57950330800; 57950824700; 56574178200; 55216714400; 8967659400; 25641340200,"The Generation Gap Revisited: Generational Differences in Mental Health, Maladaptive Coping Behaviors, and Pandemic-Related Concerns During the Initial COVID-19 Pandemic",2023,Journal of Adult Development,30,4,,381,392,11,17,10.1007/s10804-023-09442-x,https://www.scopus.com/inward/record.uri?eid=2-s2.0-85148093744&doi=10.1007%2fs10804-023-09442-x&partnerID=40&md5=ea6e83a063b3ec065ee090c643c35f9e,"The purpose of this study was to assess differences in mental health symptoms, pandemic-related concerns, and maladaptive coping behaviors among adults in the United States across generations during the initial period of the COVID-19 pandemic. A social media campaign was used to recruit 2696 U.S. individuals to participate in an online survey in April 2020, assessing various validated psychosocial factors, including major depressive disorder, generalized anxiety disorder (GAD), perceived stress, loneliness, quality of life, and fatigue, along with pandemic-specific concerns and changes in alcohol use and substance use. Participants were grouped based on generation status (Gen Z, Millennial, Gen X, and Baby Boomer) and statistical comparisons were conducted based on demographics, psychosocial factors, pandemic-related concerns, and substance use. During the initial period of the COVID-19 pandemic, the younger cohorts (Gen Z and Millennials) rated significantly worse on mental health indices, including major depression, GAD, perceived stress, loneliness, quality of life, and fatigue. Further, the participants in the Gen Z and Millennial generational groups exhibited greater increase in maladaptive coping with substance use, specifically alcohol use and increased use of sleep aids. Our results indicate that during the initial period of the COVID-19 pandemic, members of the Gen Z and Millennial generational cohorts were considered a psychologically vulnerable population due to their mental health and maladaptive coping behaviors. Improving access to mental health resources during early stages of a pandemic is an emerging public health concern. © 2023, The Author(s), under exclusive licence to Springer Science+Business Media, LLC, part of Springer Nature.",Alcohol use; Anxiety; Baby Boomers; COVID-19 pandemic; Depression; Gen X; Gen Z; Millennials,,Article,Final,All Open Access; Bronze Open Access; Green Open Access,Scopus,2-s2.0-85148093744
Koh J.X.; Liew T.M.,"Koh, Jing Xuan (57219939413); Liew, Tau Ming (56478539800)",57219939413; 56478539800,"How loneliness is talked about in social media during COVID-19 pandemic: Text mining of 4,492 Twitter feeds",2022,Journal of Psychiatric Research,145,,,317,324,7,68,10.1016/j.jpsychires.2020.11.015,https://www.scopus.com/inward/record.uri?eid=2-s2.0-85096156826&doi=10.1016%2fj.jpsychires.2020.11.015&partnerID=40&md5=c68068a338bd06551b0777ec5c47866e,"Background: Loneliness is a public health problem that is expected to rise during the COVID-19 pandemic, given the widespread policy of quarantine. The literature is unclear whether loneliness during COVID-19 is similar to those of non-pandemic seasons. This study examined the expression of loneliness on Twitter during COVID-19 pandemic, and identified key areas of loneliness across diverse communities. Methods: Twitter was searched for feeds that were:(1) in English; (2) posted from May 1, 2020 to July 1, 2020; (3) posted by individual users (not organisations); and (4) contained the words ‘loneliness’ and ‘COVID-19’. A machine-learning approach (Topic Modeling) identified key topics from the Twitter feeds; Hierarchical Modeling identified overarching themes. Variations in the prevalence of the themes were examined over time and across the number of followers of the Twitter users. Results: 4492 Twitter feeds were included and classified into 3 themes: (1) Community impact of loneliness during COVID-19; (2) Social distancing during COVID-19 and its effects on loneliness; and (3) Mental health effects of loneliness during COVID-19. The 3 themes demonstrated temporal variations. Particularly in Europe, Theme 1 showed a drastic reduction over time, with a corresponding rise in Theme 3. The themes also varied across number of followers. Highly influential users were more likely to talk about Theme 3 and less about Theme 2. Conclusions: The findings reflect close-to-real-time public sentiments on loneliness during the COVID-19 pandemic and demonstrated the potential usefulness of social media to keep tabs on evolving mental health issues. It also provides inspiration for potential interventions to address novel problems–such as loneliness–during COVID-19 pandemic. © 2020",COVID-19; Loneliness; Mental health; Natural Language Processing; Social media; Topic modeling; Twitter,COVID-19; Data Mining; Humans; Loneliness; Pandemics; SARS-CoV-2; Social Media; Africa; anxiety disorder; Article; Asia; Australia; controlled study; coping behavior; coronavirus disease 2019; data mining; depression; Europe; geographic distribution; human; loneliness; machine learning; major clinical study; mental health; natural language processing; North America; pandemic; prevalence; social distancing; social interaction; social isolation; social media; South America; thematic analysis; data mining; loneliness; pandemic,Article,Final,All Open Access; Green Open Access,Scopus,2-s2.0-85096156826
Roberts S.G.B.; Malcolm C.; McCarty K.; Pollet T.V.,"Roberts, Sam G.B. (56282025400); Malcolm, Connor (57218455177); McCarty, Kristofor (49561573800); Pollet, Thomas V. (16231030200)",56282025400; 57218455177; 49561573800; 16231030200,No Relationships Between Self-Reported Instagram Use or Type of Use and Mental Well-Being: A Study Using a Nationally Representative Online Sample of UK Adults,2024,Cyberpsychology,18,1,3,,,,0,10.5817/CP2024-1-3,https://www.scopus.com/inward/record.uri?eid=2-s2.0-85189180439&doi=10.5817%2fCP2024-1-3&partnerID=40&md5=a56cfa1ed73e91ee0c7b92aae273718f,"Use of Instagram has grown rapidly in the last decade, but the effects of Instagram use on well-being are still unclear, with many studies based on younger samples with a female bias. The aim of this study was to examine the associations between Instagram use and levels of anxiety, depression, and loneliness in a nationally representative sample of UK adults by age and gender. An online sample of 498 UK adults were recruited using Prolific (Age: M = 49, SD = 15, range 19–82 years old; 52% female, 47% male). Participants stated whether or not they used Instagram, reported their frequency of Broadcast, Interaction and Browsing Instagram use and completed the Revised UCLA Loneliness Scale, and the Hospital Anxiety and Depression Scale. A genetic matching algorithm was used to match Instagram users (n = 372) and non-Instagram users (n = 100) on age, gender, education and nationality. There were no significant differences between users versus non-users of Instagram in levels of anxiety, depression or loneliness. There were also no significant associations between type of Instagram use (Broadcast, Interaction or Browsing) and levels of anxiety, depression or loneliness. The Bayes Factors for these models moderately to strongly supported the null model of no effect for Depression and Loneliness. This research adds to recent findings that suggests that the overall effect of SNSs on well-being may be small to non-existent. Future research should examine how exposure to different types of content on social media are related to well-being. © 2024 Masaryk University. All rights reserved.",active social media use; anxiety; depression; Instagram; loneliness; passive social media use; social media,,Article,Final,All Open Access; Gold Open Access; Green Open Access,Scopus,2-s2.0-85189180439
Bye A.; Carter B.; Leightley D.; Trevillion K.; Liakata M.; Branthonne-Foster S.; Williamson G.; Zenasni Z.; Dutta R.,"Bye, Amanda (55623960200); Carter, Ben (23011254600); Leightley, Daniel (56028042600); Trevillion, Kylee (36093631800); Liakata, Maria (26432031900); Branthonne-Foster, Stella (57208301685); Williamson, Grace (57225977428); Zenasni, Zohra (57203568773); Dutta, Rina (56003431900)",55623960200; 23011254600; 56028042600; 36093631800; 26432031900; 57208301685; 57225977428; 57203568773; 56003431900,"Observational prospective study of social media, smartphone use and self-harm in a clinical sample of young people: Study protocol",2023,BMJ Open,13,2,e069748,,,,3,10.1136/bmjopen-2022-069748,https://www.scopus.com/inward/record.uri?eid=2-s2.0-85146972952&doi=10.1136%2fbmjopen-2022-069748&partnerID=40&md5=9a794b83e11ca32a8691973e9ed7796a,"Introduction Young people are the most frequent users of social media and smartphones and there has been an increasing speculation about the potential negative impacts of their use on mental health. This has coincided with a sharp increase in the levels of self-harm in young people. To date, studies researching this potential association are predominantly cross-sectional and reliant on self-report data, which precludes the ability to objectively analyse behaviour over time. This study is one of the first attempts to explore temporal patterns of real-world usage prior to self-harm, to identify whether there are usage patterns associated with an increased risk. Methods and analysis To study the mechanisms by which social media and smartphone use underpin self-harm in a clinical sample of young people, the Social media, Smartphone use and Self-harm in Young People (3S-YP) study uses a prospective, observational study design. Up to 600 young people aged 13-25 years old from secondary mental health services will be recruited and followed for up to 6 months. Primary analysis will compare real-world data in the 7 days leading up to a participant or clinician recorded self-harm episode, to categorise patterns of problematic usage. Secondary analyses will explore potential mediating effects of anxiety, depression, sleep disturbance, loneliness and bullying. Ethics and dissemination This study was approved by the National Research Ethics Service, London - Riverside, as well as by the Joint Research and Development Office of the Institute of Psychiatry, Psychology and Neuroscience and South London and Maudsley NHS Foundation Trust (SLaM), and the SLaM Clinical Research Interactive Search (CRIS) Oversight Committee. The findings from this study will be disseminated through peer-reviewed scientific journals, conferences, websites, social media and stakeholder engagement activities. Trial registration number NCT04601220. © Author(s) (or their employer(s)) 2023. Re-use permitted under CC BY-NC. No commercial re-use. See rights and permissions. Published by BMJ.",Child & adolescent psychiatry; MENTAL HEALTH; QUALITATIVE RESEARCH; STATISTICS & RESEARCH METHODS; Suicide & self-harm,Adolescent; Adult; Cross-Sectional Studies; Humans; Observational Studies as Topic; Prospective Studies; Self-Injurious Behavior; Smartphone; Social Media; Young Adult; adolescent; adult; anxiety; Article; automutilation; bullying; cell phone use; cohort analysis; depression; female; follow up; human; language; loneliness; male; mental health service; natural language processing; observational study; prospective study; qualitative analysis; sleep disorder; social media; automutilation; cross-sectional study; psychology; smartphone; young adult,Article,Final,All Open Access; Gold Open Access; Green Open Access,Scopus,2-s2.0-85146972952
Groenestein E.; Willemsen L.; van Koningsbruggen G.M.; Ket H.; Kerkhof P.,"Groenestein, Ellen (57193947957); Willemsen, Lotte (49864745300); van Koningsbruggen, Guido M. (35108421300); Ket, Hans (57209639593); Kerkhof, Peter (55751743487)",57193947957; 49864745300; 35108421300; 57209639593; 55751743487,"The relationship between fear of missing out, digital technology use, and psychological wellbeing: A scoping review of conceptual and empirical issues",2024,PLoS ONE,19,10-Oct,e0308643,,,,0,10.1371/journal.pone.0308643,https://www.scopus.com/inward/record.uri?eid=2-s2.0-85205760520&doi=10.1371%2fjournal.pone.0308643&partnerID=40&md5=f1ae8a9da5d3eeefd36b98ecdf52df19,"Given the rise of digital technology and its assumed impact on psychological well-being, this scoping review systematically examines the literature on Fear of Missing Out (FoMO), which is assumed to play a pivotal role in this dynamic. Although adverse effects of FoMO are commonly assumed, there is still no consensus on the nature of the phenomenon or its relations with psychological well-being and digital technology use, making a scoping review essential. To address this need, we comprehensively assess the conceptualizations of the construct of FoMO and its roles in relation to well-being and digital technology use. We conducted a literature search in PubMed, Ebsco/APA PsycINFO, and Web of Science (period 2013 to July 7, 2023), screening 4121 articles at the title and abstract level and assessing 342 full-text articles for eligibility, ultimately including 106 articles. The review revealed a fragmented FoMO literature, emphasizing the need for conceptual clarity to address critical gaps and inconsistencies in existing research. Consensus exists on FoMO's essence-an unpleasant feeling arising from missed social experiences driven by activity comparison. However, debates include FoMO's associated affective states and conceptual boundaries, as well as the need to disentangle FoMO as a trait or state. The review also underscored FoMO's multifaceted roles in well-being and digital technology use, highlighting the need for causal research, theoretical guidance, and unified terminology to advance understanding in the FoMO literature.  © 2024 Groenestein et al.",,Digital Technology; Fear; Humans; Mental Health; Psychological Well-Being; anxiety; Article; assessment of humans; cognition; conceptual thinking; confirmatory factor analysis; depression; digital technology; fear of missing out; human; Internet; life satisfaction; loneliness; Preferred Reporting Items for Systematic Reviews and Meta-Analyses; psychological well-being; questionnaire; self report; social exclusion; social interaction; social media; social well-being; Trait-State Fear of Missing Out Scale; fear; mental health; psychological well-being; psychology,Article,Final,All Open Access; Gold Open Access,Scopus,2-s2.0-85205760520
Agarwal A.K.; Mittal J.; Tran A.; Merchant R.; Guntuku S.C.,"Agarwal, Anish K. (55652621400); Mittal, Juhi (57889412500); Tran, Annie (59058154500); Merchant, Raina (14028632100); Guntuku, Sharath Chandra (56090864700)",55652621400; 57889412500; 59058154500; 14028632100; 56090864700,Investigating Social Media to Evaluate Emergency Medicine Physicians' Emotional Well-being during COVID-19,2023,JAMA Network Open,6,5,,E2312708,,,1,10.1001/jamanetworkopen.2023.12708,https://www.scopus.com/inward/record.uri?eid=2-s2.0-85158904059&doi=10.1001%2fjamanetworkopen.2023.12708&partnerID=40&md5=efd5e7d57d2d36740262ebd5fe93f2cf,"Importance: Emergency medicine (EM) physicians experience tremendous emotional health strain, which has been exacerbated during COVID-19, and many have taken to social media to express themselves. Objective: To analyze social media content from academic EM physicians and resident physicians to investigate changes in content and language as indicators of their emotional well-being. Design, Setting, and Participants: This cross-sectional study used machine learning and natural language processing of Twitter posts from self-described academic EM physicians and resident physicians between March 2018 and March 2022. Participants included academic EM physicians and resident physicians with publicly accessible posts (at least 300 total words across the posts) from the US counties with the top 10 COVID-19 case burdens. Data analysis was performed from June to September 2022. Exposure: Being an EM physician or resident physician who posted on Twitter. Main Outcomes and Measures: Social media content themes during the prepandemic period, during the pandemic, and across the phases of the pandemic were analyzed. Psychological constructs evaluated included anxiety, anger, depression, and loneliness. Positive and negative language sentiment within posts was measured. Results: This study identified 471 physicians with a total of 198867 posts (mean [SD], 11403 [18998] words across posts; median [IQR], 3445 [1100-11591] words across posts). The top 5 prepandemic themes included free open-access medical education (Cohen d, 0.44; 95% CI, 0.38-0.50), residency education (Cohen d, 0.43; 95% CI, 0.37-0.49), gun violence (Cohen d, 0.37; 95% CI, 0.32-0.44), quality improvement in health care (Cohen d, 0.33; 95% CI, 0.27-0.39), and professional resident associations (Cohen d, 0.33; 95% CI, 0.27-0.39). During the pandemic, themes were significantly related to healthy behaviors during COVID-19 (Cohen d, 0.83; 95% CI, 0.77-0.90), pandemic response (Cohen d, 0.71; 95% CI, 0.65-0.77), vaccines and vaccination (Cohen d, 0.60; 95% CI, 0.53-0.66), unstable housing and homelessness (Cohen d, 0.40; 95% CI, 0.34-0.47), and emotional support for others (Cohen d, 0.40; 95% CI, 0.34-0.46). Across the phases of the pandemic, thematic content within social media posts changed significantly. Compared with the prepandemic period, there was significantly less positive, and concordantly more negative, language used during COVID-19. Estimates of loneliness, anxiety, anger, and depression also increased significantly during COVID-19. Conclusions and Relevance: In this cross-sectional study, key thematic shifts and increases in language related to anxiety, anger, depression, and loneliness were identified in the content posted on social media by academic EM physicians and resident physicians during the pandemic. Social media may provide a real-time and evolving landscape to evaluate thematic content and linguistics related to emotions and sentiment for health care workers.. © 2023 American Medical Association. All rights reserved.",,COVID-19; Cross-Sectional Studies; Emergency Medicine; Emotions; Humans; Physicians; SARS-CoV-2; Social Media; SARS-CoV-2 vaccine; anger; anxiety; Article; controlled study; coronavirus disease 2019; cross-sectional study; data analysis; depression; emergency physician; emotional support; emotional well-being; health behavior; health care quality; homelessness; housing instability; human; language; loneliness; machine learning; medical education; natural language processing; open access; pandemic; physician attitude; psychological well-being; residency education; resident; social media; total quality management; vaccination; coronavirus disease 2019; emergency medicine; emotion; physician; psychology; Severe acute respiratory syndrome coronavirus 2,Article,Final,All Open Access; Gold Open Access; Green Open Access,Scopus,2-s2.0-85158904059
Hammad M.A.; Awed H.S.,"Hammad, Mohammad Ahmed (57222464712); Awed, Huda Shaaban (57224797175)",57222464712; 57224797175,Investigating the relationship between social media addiction and mental health,2023,Nurture,17,3,,149,156,7,2,10.55951/NURTURE.V17I3.282,https://www.scopus.com/inward/record.uri?eid=2-s2.0-85162097664&doi=10.55951%2fNURTURE.V17I3.282&partnerID=40&md5=b6de3688c1e7f44131d75ba847b311ba,"Objective: The main objective of this study was to determine the percentage of young people addicted to social media at Najran University. A significant rise in mental health problems among young people has led to increased interest in the relationship between social media and mental health. Therefore, it was important to identify the relationship between social media use and mental health in young people. Design/Methodology/Approach: Data was collected from 330 students at Najran University. The average age of the sample ranged from M = 21.1 years to SD = 2.52 years. The Bergen Social Media Addiction Scale, the Centre for Epidemiological Studies Depression Scale and the De Jong Gierveld 6-item loneliness scale were used. Results: The results showed that 60.30% of the participants are addicted to social media. Statistically significant differences were also found between social media addicts and non-social media addicts. Linear regression analysis also showed that internet addiction could be predicted by the variables depression, anxiety and loneliness. Conclusion: The results indicate the importance of spreading psychological awareness of the risks associated with social media addiction and the psychological damage it brings. Organising seminars and awareness lectures on the impact of social media addiction on students. © 2023 by the authors. This article is an open access article distributed under the terms and conditions of the Creative Commons Attribution (CC BY) license (https://creativecommons.org/licenses/by/4.0/).",Anxiety; Depression; Psychological loneliness; Saudi society; Social media; Youth,,Article,Final,All Open Access; Hybrid Gold Open Access,Scopus,2-s2.0-85162097664
Abu-Taieh E.M.; AlHadid I.; Masa’deh R.; Alkhawaldeh R.S.; Khwaldeh S.; Alrowwad A.,"Abu-Taieh, Evon M. (6504299265); AlHadid, Issam (57194420643); Masa’deh, Ra’ed (57190030299); Alkhawaldeh, Rami S. (56938990800); Khwaldeh, Sufian (57194407394); Alrowwad, Ala’aldin (57204148141)",6504299265; 57194420643; 57190030299; 56938990800; 57194407394; 57204148141,"Factors Affecting the Use of Social Networks and Its Effect on Anxiety and Depression among Parents and Their Children: Predictors Using ML, SEM and Extended TAM",2022,International Journal of Environmental Research and Public Health,19,21,13764,,,,11,10.3390/ijerph192113764,https://www.scopus.com/inward/record.uri?eid=2-s2.0-85141607385&doi=10.3390%2fijerph192113764&partnerID=40&md5=47ba2da705afce36ed6dc445b613d9d5,"Previous research has found support for depression and anxiety associated with social networks. However, little research has explored parents’ depression and anxiety constructs as mediators that may account for children’s depression and anxiety. The purpose of this paper is to test the influence of different factors on children’s depression and anxiety, extending from parents’ anxiety and depression in Jordan. The authors recruited 857 parents to complete relevant web survey measures with constructs and items and a model based on different research models TAM and extended with trust, analyzed using SEM, CFA with SPSS and AMOS, and ML methods, using the triangulation method to validate the results and help predict future applications. The authors found support for the structural model whereby behavioral intention to use social media influences the parent’s anxiety and depression which correlate to their offspring’s anxiety and depression. Behavioral intention to use social media can be enticed by enjoyment, trust, ease of use, usefulness, and social influences. This study is unique in exploring rumination in the context of the relationship between parent–child anxiety and depression due to the use of social networks. © 2022 by the authors.",anxiety; depression; social networks; TAM; UTAUT,Anxiety; Anxiety Disorders; Depression; Emotions; Humans; Social Networking; Jordan; health services; mental disorder; mental health; public health; social network; adult; anxiety; Article; conceptual framework; depression; female; human; internet addiction; Jordan; loneliness; machine learning; male; mental health; mobile phone addiction; neurosis; social interaction; social isolation; social media; social network; social support; structural equation modeling; structural model; triangulation; trust; anxiety disorder; depression; emotion; social network,Article,Final,All Open Access; Gold Open Access; Green Open Access,Scopus,2-s2.0-85141607385
Lo Moro G.; Scaioli G.; Martella M.; Pagani A.; Colli G.; Bert F.; Siliquini R.,"Lo Moro, Giuseppina (57211714788); Scaioli, Giacomo (56177472500); Martella, Manuela (57202004279); Pagani, Alessio (58824431900); Colli, Gianluca (58119035200); Bert, Fabrizio (36236698000); Siliquini, Roberta (6506006925)",57211714788; 56177472500; 57202004279; 58824431900; 58119035200; 36236698000; 6506006925,Exploring Cyberaggression and Mental Health Consequences among Adults: An Italian Nationwide Cross-Sectional Study,2023,International Journal of Environmental Research and Public Health,20,4,3224,,,,5,10.3390/ijerph20043224,https://www.scopus.com/inward/record.uri?eid=2-s2.0-85148964347&doi=10.3390%2fijerph20043224&partnerID=40&md5=35fd4a0354a8530c1d8803e522901111,"Cyberaggression (CyA) embraces a broad spectrum of hostile behaviors through electronic means. This cross-sectional study aimed to evaluate features and outcomes of this phenomenon among Italian adults. A nationwide survey was distributed on social media platforms. Being victim and being perpetrator of CyA were the primary outcomes; positive scores for GAD-2 (generalized anxiety disorder) and PHQ-2 (depressive symptoms) scales were the secondary outcomes. In total, 446 surveys were collected. Considering the primary outcomes, 46.3% and 13.5% reported having been victims and perpetrators of CyA, respectively. Politics, ethnic minority, and sexual orientation were main subjects triggering CyA. A higher likelihood of being cyber-victims was observed for women and the LGBTQA+ group. Women were less likely to be CyA perpetrators. There was an association between being a CyA victim and a CyA perpetrator. A total of 22.4% and 34.0% respondents scored positive for PHQ-2 and GAD-2, respectively. The main mental health consequences after CyA exposure were anger and sadness, whereas sleep alterations and stomach ache were the most experienced psychosomatics symptoms. No significant relationships between PHQ-2/GAD-2 and CyA emerged. CyA also represents a crucial public health issue among Italian adults. Further investigations are needed to better define the phenomenon and to study the potential consequences on mental health. © 2023 by the authors.",adults; cyberaggression; cyberbullying; cyberviolence; mental health,Adult; Cross-Sectional Studies; Depression; Ethnicity; Female; Humans; Male; Mental Health; Minority Groups; Sexual Behavior; Italy; adult; aggression; gender; mental health; social media; violence; adult; aggression; alcohol abuse; anger; anxiety disorder; Article; awareness; clinical feature; clinical outcome; controlled study; cross-sectional study; cyber victim; cyberaggression; cybercrime; depression; ethnic group; exposure; family conflict; female; Generalized Anxiety Disorder-2; hate speech; high risk population; human; Italian (citizen); LGBTQIA+ people; loneliness; male; mental disease; mental health service; offender; Patient Health Questionnaire 2; politics; predictor variable; psychosomatic symptom; public health; risk; sadness; sex difference; sexual orientation; sleep disorder; social discrimination; social isolation; social media; speech; stalking; stomach pain; substance abuse; victim; ethnicity; mental health; minority group; sexual behavior,Article,Final,All Open Access; Gold Open Access; Green Open Access,Scopus,2-s2.0-85148964347
Zhao J.; Jia T.; Wang X.; Xiao Y.; Wu X.,"Zhao, Jin (57646429800); Jia, Ting (57647165000); Wang, Xiuming (57642741900); Xiao, Yiming (57644941200); Wu, Xingqu (58300414500)",57646429800; 57647165000; 57642741900; 57644941200; 58300414500,Risk Factors Associated With Social Media Addiction: An Exploratory Study,2022,Frontiers in Psychology,13,,837766,,,,29,10.3389/fpsyg.2022.837766,https://www.scopus.com/inward/record.uri?eid=2-s2.0-85128891810&doi=10.3389%2ffpsyg.2022.837766&partnerID=40&md5=95f00aed437787df670c608139ac4983,"The use of social media is becoming a necessary daily activity in today’s society. Excessive and compulsive use of social media may lead to social media addiction (SMA). The main aim of this study was to investigate whether demographic factors (including age and gender), impulsivity, self-esteem, emotions, and attentional bias were risk factors associated with SMA. The study was conducted in a non-clinical sample of college students (N = 520), ranging in age from 16 to 23 years, including 277 females (53%) and 243 males (47%). All participants completed a survey measuring impulsivity, self-esteem, anxiety, depression, social anxiety, loneliness, and attentional bias. The final hierarchical regression model indicated significant risk factors for SMA with an accuracy of 38%. The identified set of associated risk factors included female gender (β = −0.21, t = −4.88, p < 0.001), impulsivity (β = 0.34, t = 8.50, p < 0.001), self-esteem (β = −0.20, t = −4.38, p < 0.001), anxiety (β = 0.24, t = 4.43, p < 0.001), social anxiety (β = 0.25, t = 5.79, p < 0.001), and negative attentional biases (β = 0.31, t = 8.01, p < 0.001). Finally, a discussion of the results is presented, followed by corresponding recommendations for future studies. Copyright © 2022 Zhao, Jia, Wang, Xiao and Wu.",attentional bias; emotion; impulsivity; self-esteem; social media addiction,,Article,Final,All Open Access; Gold Open Access; Green Open Access,Scopus,2-s2.0-85128891810
Jones R.; Reppa I.; Reed P.,"Jones, Richard (37099402600); Reppa, Irene (7801463563); Reed, Phil (7202010595)",37099402600; 7801463563; 7202010595,Self-esteem and Social Media Dependency: a Structural Equation Modelling Approach to Comparing Primary Welsh and Non-Welsh Speakers,2023,Trends in Psychology,31,4,,716,739,23,2,10.1007/s43076-022-00177-4,https://www.scopus.com/inward/record.uri?eid=2-s2.0-85128046693&doi=10.1007%2fs43076-022-00177-4&partnerID=40&md5=4047d6108251e86194039412131b79dd,"The current study examined the impact of using social media in English on associations between social media dependency and self-esteem, depression, social anxiety, and loneliness for Welsh speakers. A total of 836 pupils (317 Welsh speakers; 519 non-Welsh speakers), with a mean age of 13.44 (±.943), attending state-maintained Welsh/bilingual-medium secondary schools throughout Wales, completed scales on social media dependency, self-esteem, depression, social anxiety, and loneliness. A structural equation model approach found that whenever social media dependency was the predictor, its hypothesized associations with depression, loneliness, social anxiety, and self-esteem were stronger for Welsh speakers relative to non-Welsh speakers. The results suggest that a perceived or actual marginalization of a minority language within the social media domain might negatively impact minority language speakers’ self-esteem levels, which potentially impacts related psychological constructs. © 2022, The Author(s).",Self-esteem; Social media dependency; Welsh language,,Article,Final,All Open Access; Green Open Access; Hybrid Gold Open Access,Scopus,2-s2.0-85128046693
Güveli R.; Balci E.; Bayraktar M.,"Güveli, Rifat (58103946000); Balci, Elçin (24070019800); Bayraktar, Muhammet (57216589222)",58103946000; 24070019800; 57216589222,"Nomophobia, loneliness and depressive symptom levels of adults living in a district of Türkiye",2024,Medicine (United States),103,31,,e38921,,,0,10.1097/MD.0000000000038921,https://www.scopus.com/inward/record.uri?eid=2-s2.0-85200407219&doi=10.1097%2fMD.0000000000038921&partnerID=40&md5=bdf1b1349594f7985a286f632d79e418,"This study was conducted to evaluate whether smart cell phones detach people from social life, make them lonely, cause depressive symptoms and whether there is a relationship between them. This is a cross-sectional study using face-to-face survey method. The sample was determined as 376 participants, with 95% confidence interval, 50% probability depending on the probability of having a smartphone or not. Participants in the sample were determined by systematic random sampling from adults aged 20 and over in Çiftlik district of Niğde province. The NMP-Q, DASS-42 and UCLA-LS were used. The median age of the 376 participants (192 male, 184 female) was 30 and the mean age was 32.0 (±10.94) years. Participants that had social media accounts were 68.9% of the population. Over 70% of the participants had mild, moderate or severe nomophobia. Nomophobia status of the participants was affected by the mean duration of the first-time smartphone use (P = .017), the mean daily smartphone usage time of the participants (P < .001), the mean number of smartphone users in the participants’ families (P = .003), the mean depression and stress scores of the participants (P < .001), having social media account (P = .001), and declaration of smart phone dependency (P = .005). Nomophobia status was not affected by participants’ gender, mean age, educational level, employment status, economic status and marital status (P > .05). The duration of daily smartphone use, the duration of first-time smartphone use, and having multiple smartphone users in family increased nomophobia. Also, having active social media accounts and self-reported smartphone addiction found correlated to nomophobia. Smartphone addiction increases depression, anxiety, and stress scores of the participants. Copyright © 2024 the Author(s)",depression; loneliness; mobile phone; nomophobia; technology addiction,"Adult; Cross-Sectional Studies; Depression; Female; Humans; Loneliness; Male; Middle Aged; Smartphone; Social Media; Surveys and Questionnaires; Young Adult; adult; Article; computer addiction; confidence interval; cross-sectional study; demographics; depression; Depression, Anxiety and Stress Scale; Depression, Anxiety and Stress Scale-42; economic status; employment status; female; human; loneliness; major clinical study; male; marriage; mobile phone addiction; probability; questionnaire; UCLA Loneliness Scale; epidemiology; middle aged; psychology; smartphone; social media; young adult",Article,Final,All Open Access; Gold Open Access; Green Open Access,Scopus,2-s2.0-85200407219
Mustafa H.; Halaweh M.,"Mustafa, Hassan (57211447438); Halaweh, Mohanad (25960639300)",57211447438; 25960639300,Social controller: Mobile-based application solution for social networking problems,2019,"Journal of Content, Community and Communication",10,5,,195,201,6,1,10.31620/JCCC.12.19/20,https://www.scopus.com/inward/record.uri?eid=2-s2.0-85087023978&doi=10.31620%2fJCCC.12.19%2f20&partnerID=40&md5=d5a0928d322dae674e5f8c346628f6b4,"The excessive use of social networking applications (SNA) through smartphone devices has created many social problems. Long hours using SNA lead to isolation and loneliness, social anxiety, divorce, criminal activity, road accidents, violation of privacy, indirect interaction between family members and others, and health problems, including tension and depression. Societies throughout the world are facing these problems. Blocking SNA is obviously not the right solution. This paper presents a technical innovative solution that offers an acceptable remediation. The solution's business model, and features and capabilities which will ultimately have positive impacts on society, are demonstrated. © 2019.",Artificial intelligence; Fake information; Mobile application; Social controller; Social media; Social networking,,Article,Final,All Open Access; Bronze Open Access,Scopus,2-s2.0-85087023978
Juvonen J.; Schacter H.L.; Lessard L.M.,"Juvonen, Jaana (7004597731); Schacter, Hannah L. (56018702700); Lessard, Leah M. (57191156558)",7004597731; 56018702700; 57191156558,Connecting electronically with friends to cope with isolation during COVID-19 pandemic,2021,Journal of Social and Personal Relationships,38,6,,1782,1799,17,49,10.1177/0265407521998459,https://www.scopus.com/inward/record.uri?eid=2-s2.0-85102637539&doi=10.1177%2f0265407521998459&partnerID=40&md5=63767c14f232782c3910a61c3055e7ea,"Given that friends serve as one of the most important sources of emotional support during stress, the current study examines whether connecting electronically with friends can help alleviate loneliness and emotional distress during the social isolation mandates of the COVID-19 pandemic. Relying on a cross-sectional electronic survey conducted with a sample of 18–70-year-old adults (n = 295), information about the frequency of and satisfaction with electronic friend contact methods were obtained. Participants of all ages reported greater than typical reliance on, and satisfaction with, video calls during the imposed isolation, although they (especially the younger generations) used texting and connecting via social media the most. More frequent overall use of communication technologies was associated with greater anxiety but unrelated to loneliness and depression. In contrast, greater overall satisfaction with electronic contact with friends was associated with lower levels of loneliness, anxiety and depressive symptoms, as hypothesized. Satisfaction was most protective among those living alone. The findings highlight the potential psychological benefits of connecting electronically with close others and suggest that connecting with friends offers a way to cope with imposed isolation as long as individuals are satisfied with their exchanges. © The Author(s) 2021.",COVID-19; electronic communication; emotional distress; friendship; loneliness; social isolation,,Article,Final,All Open Access; Hybrid Gold Open Access,Scopus,2-s2.0-85102637539
Muzi S.; Sansò A.; Pace C.S.,"Muzi, Stefania (57200041641); Sansò, Alessandra (57223338431); Pace, Cecilia Serena (57001057100)",57200041641; 57223338431; 57001057100,"What's Happened to Italian Adolescents During the COVID-19 Pandemic? A Preliminary Study on Symptoms, Problematic Social Media Usage, and Attachment: Relationships and Differences With Pre-pandemic Peers",2021,Frontiers in Psychiatry,12,,590543,,,,62,10.3389/fpsyt.2021.590543,https://www.scopus.com/inward/record.uri?eid=2-s2.0-85105669366&doi=10.3389%2ffpsyt.2021.590543&partnerID=40&md5=2025d750a2ce2680554e9f87b07c46ad,"Italian adolescents were confined at home for 3 months due to the COVID-19 pandemic, which exposed them to feelings of fear, uncertainty, and loneliness that may have increased their vulnerability to emotional-behavioral symptoms (e.g., anxiety) and binge-eating attitudes. Potential risk factors for these psychopathological symptoms are problematic social media usage and attachment insecurity. Therefore, this study aimed: (1) to assess emotional-behavioral symptoms, binge eating, problematic social media usage, and attachment representations of adolescents during the pandemic, comparing them with prepandemic similar samples; (2) to investigate relationships among variables, exploring the role of problematic social media usage and insecure attachment as risk factors for more psychopathological symptoms. Participants were 62 community adolescents aged 12–17 years, enrolled through schools, and assessed online through the following measures: Youth Self-Report for emotional-behavioral problems, Binge-Eating Scale for binge eating, Social Media Disorder Scale for problematic social media usage, and the Friends and Family Interview for attachment. The main results were: (1) 9.4% of adolescents showed clinical rates of emotional-behavioral symptoms and 4.8% of binge eating attitudes. The comparison with pre-pandemic samples revealed that pandemic teenagers showed lower internalizing, but higher other problems (e.g., binge drinking, self-destructive behaviors) and more problematic social media usage than pre-pandemic peers. No differences in binge-eating attitudes and attachment were revealed (76% secure classifications). (2) Problematic social media usage was related to more binge eating and emotional-behavioral problems, predicting 5.4% of both delinquent and attention problems. Attachment disorganization predicted 16.5% of internalizing problems, somatic complaints, and social and identity-related problems. In conclusion, confinement did not increase adolescents' internalizing symptoms -i.e., vulnerability to mood disorders of an anxious-depressive type- which even decreased. However, teenagers may have expressed their discomfort through other problems and symptoms of social media disorder. Further studies should explore the role of adolescents' problematic social media usage and attachment insecurity as risk factors for additional psychopathological symptoms. © Copyright © 2021 Muzi, Sansò and Pace.",adolescents; attachment representations; Binge-Eating disorder; COVID; emotional-behavioral symptoms; pandemic (COVID-19); risk assessment; social media disorder scale,adolescent; adolescent depression; anxiety disorder; Article; binge eating disorder; Binge Eating Scale; child; comparative study; coronavirus disease 2019; disease association; disorientation; e-learning; emotional attachment; emotional disorder; female; Friends and Family Interview score; human; internalizing disorder; longitudinal study; major clinical study; male; mood disorder; pandemic; pilot study; prediction; risk factor; scoring system; self destructive behavior; social media addiction; Social Media Disorder Scale; social problem; vulnerable population; Youth Self Report score,Article,Final,All Open Access; Gold Open Access; Green Open Access,Scopus,2-s2.0-85105669366
Boursier V.; Gioia F.; Musetti A.; Schimmenti A.,"Boursier, Valentina (57196281743); Gioia, Francesca (57202041960); Musetti, Alessandro (55337418500); Schimmenti, Adriano (36089370500)",57196281743; 57202041960; 55337418500; 36089370500,Facing Loneliness and Anxiety During the COVID-19 Isolation: The Role of Excessive Social Media Use in a Sample of Italian Adults,2020,Frontiers in Psychiatry,11,,586222,,,,183,10.3389/fpsyt.2020.586222,https://www.scopus.com/inward/record.uri?eid=2-s2.0-85098051934&doi=10.3389%2ffpsyt.2020.586222&partnerID=40&md5=5e4097138695195efaf8dbde1ef9ac87,"The outbreak of coronavirus disease 2019 (COVID-19) prompted people to face a distressing and unexpected situation. Uncertainty and social distancing changed people's behaviors, impacting on their feelings, daily habits, and social relationships, which are core elements in human well-being. In particular, restrictions due to the quarantine increased feelings of loneliness and anxiety. Within this context, the use of digital technologies has been recommended to relieve stress and anxiety and to decrease loneliness, even though the overall effects of social media consumption during pandemics still need to be carefully addressed. In this regard, social media use evidence risk and opportunities. In fact, according to a compensatory model of Internet-related activities, the online environment may be used to alleviate negative feelings caused by distressing life circumstances, despite potentially leading to negative outcomes. The present study examined whether individuals who were experiencing high levels of loneliness during the forced isolation for COVID-19 pandemic were more prone to feel anxious, and whether their sense of loneliness prompted excessive social media use. Moreover, the potentially mediating effect of excessive social media use in the relationship between perceived loneliness and anxiety was tested. A sample of 715 adults (71.5% women) aged between 18 and 72 years old took part in an online survey during the period of lockdown in Italy. The survey included self-report measures to assess perceived sense of loneliness, excessive use of social media, and anxiety. Participants reported that they spent more hours/day on social media during the pandemic than before the pandemic. We found evidence that perceived feelings of loneliness predicted both excessive social media use and anxiety, with excessive social media use also increasing anxiety levels. These findings suggest that isolation probably reinforced the individuals' sense of loneliness, strengthening the need to be part of virtual communities. However, the facilitated and prolonged access to social media during the COVID-19 pandemic risked to further increase anxiety, generating a vicious cycle that in some cases may require clinical attention. © Copyright © 2020 Boursier, Gioia, Musetti and Schimmenti.",anxiety; COVID-19; excessive social media use; isolation; loneliness,access to information; adult; aged; anxiety disorder; Anxiety Subscale of the Depression Anxiety Stress Scale 21 score; Article; Bergen Social Media Addiction Scale score; controlled study; coronavirus disease 2019; female; health survey; human; Italian Loneliness Scale score; Italy; loneliness; major clinical study; male; pandemic; patient participation; personal experience; prediction; scoring system; self report; social isolation; social media addiction,Article,Final,All Open Access; Gold Open Access; Green Open Access,Scopus,2-s2.0-85098051934
Lerrigo R.; Coffey J.T.R.; Kravitz J.L.; Jadhav P.; Nikfarjam A.; Shah N.H.; Jurafsky D.; Sinha S.R.,"Lerrigo, Robert (24481767000); Coffey, Johnny T.R. (57222716542); Kravitz, Joshua L. (59101633600); Jadhav, Priyanka (57218176890); Nikfarjam, Azadeh (36069663700); Shah, Nigam H. (7401823709); Jurafsky, Dan (6602872553); Sinha, Sidhartha R. (14833390000)",24481767000; 57222716542; 59101633600; 57218176890; 36069663700; 7401823709; 6602872553; 14833390000,The emotional toll of inflammatory bowel disease: Using machine learning to analyze online community forum discourse,2019,Crohn's and Colitis 360,1,2,,,,,8,10.1093/crocol/otz011,https://www.scopus.com/inward/record.uri?eid=2-s2.0-85079143243&doi=10.1093%2fcrocol%2fotz011&partnerID=40&md5=72c7a794561e07f4aeb1d98863c33220,"Background: Patients with inflammatory bowel disease are using online community forums (OCFs) to seek emotional support. The impact of OCFs on well-being and their emotional content are unknown. Methods: We used an unsupervised machine learning algorithm to identify the thematic content of 51,591 public, online posts from the Crohn's & Colitis Foundation Community Forum. Results: We identified 10,702 (20.8%) posts expressing: gratitude (40%), anxiety/fear (20.8%), empathy (18.2%), anger/frustration (13.4%), hope (13.2%), happiness (10.0%), sadness/depression (5.8%), shame/guilt (2.5%), and/or loneliness (2.5%). A common subtheme was the importance of fostering social support. Conclusions: High-throughput, machine learning-directed analysis of OCFs may help identify psychosocial impacts of inflammatory bowel disease on patients and their caregivers. © 2019 Crohn's & Colitis Foundation. Published by Oxford University Press on behalf of Crohn's & Colitis Foundation.",Coping; Emotions; Inflammatory bowel disease; Latent Dirichlet allocation; Online community forums; Social media; Thematic analysis,adult; anger; Article; chronic disease; controlled study; depression; emotion; empathy; fear; female; frustration; gratitude; happiness; hope; human; inflammatory bowel disease; literature; loneliness; major clinical study; male; medical history; priority journal; sadness; shame; social support; thematic analysis; unsupervised machine learning,Article,Final,All Open Access; Gold Open Access,Scopus,2-s2.0-85079143243
Fernandes B.; Biswas U.N.; Tan-Mansukhani R.; Vallejo A.; Essau C.A.,"Fernandes, Blossom (57208569004); Biswas, Urmi Nanda (6602373712); Tan-Mansukhani, Roseann (57204352057); Vallejo, Alma (57223327869); Essau, Cecilia A. (7004864931)",57208569004; 6602373712; 57204352057; 57223327869; 7004864931,The impact of COVID-19 lockdown on internet use and escapism in adolescents; [El impacto del confinamiento por el COVID-19 en el uso de internet y la evasión en los adolescentes],2020,Revista de Psicologia Clinica con Ninos y Adolescentes,7,3,,59,65,6,179,10.21134/rpcna.2020.mon.2056,https://www.scopus.com/inward/record.uri?eid=2-s2.0-85102707641&doi=10.21134%2frpcna.2020.mon.2056&partnerID=40&md5=b67e59bac10d67e603a7c43d0d158606,"The COVID-19 pandemic has had a significant impact on everyday functioning, considerable measures being taken to reduce the spread of the virus. Schools and social avenues have been placed on prolonged lockdowns, with people continuing to maintain physical distance. Adolescents and young people have had to endure significant stress alongside dealing with developmental characteristics. Amidst all of this, studies report an increase in gaming addiction and internet use with detrimental impact on psychosocial well-being. The aim of the present study was to examine the impact of lockdown on internet use in adolescents, comparing their habits from before the pandemic. Furthermore, this research aimed to investigate the relationship between gaming addiction, internet use and COVID-19 worries. Adolescents from several countries (e.g., India, Malaysia, Mexico and the UK) completed online questionnaires, shared via social media and youth networks. These measures included questions on internet, social media, gaming, depression, loneliness, escapism and COVID-19. Results show that adolescents generally have increased their use of social media sites and streaming services. Further, those who scored highly on gaming addiction, compulsive internet use and social media use also reported high scores of depression, loneliness, escapism, poor sleep quality and anxiety related to the pandemic. Our findings indicate that, regardless of country of residence, the COVID-19 outbreak has had a significant effect on adolescent internet use and psychosocial well-being. The need to address pandemic related distress to reduce the effect of maladaptive coping strategies is highlighted. Copyright © 2020 RPCNA.",Adolescents; COVID-19; Depression; Gaming addiction; Internet use; Social media,,Article,Final,All Open Access; Gold Open Access; Green Open Access,Scopus,2-s2.0-85102707641
Basu A.; Kim H.H.; Basaldua R.; Choi K.W.; Charron L.; Kelsall N.; Hernandez-Diaz S.; Wyszynski D.F.; Koenen K.C.,"Basu, Archana (15727421500); Kim, Hannah H. (57452728300); Basaldua, Rebecca (57221712067); Choi, Karmel W. (55924470700); Charron, Lily (57221714218); Kelsall, Nora (57218933372); Hernandez-Diaz, Sonia (56639580500); Wyszynski, Diego F. (59268930200); Koenen, Karestan C. (6603757100)",15727421500; 57452728300; 57221712067; 55924470700; 57221714218; 57218933372; 56639580500; 59268930200; 6603757100,A cross-national study of factors associated with women’s perinatal mental health and wellbeing during the COVID-19 pandemic,2021,PLoS ONE,16,04-Apr,e0249780,,,,172,10.1371/journal.pone.0249780,https://www.scopus.com/inward/record.uri?eid=2-s2.0-85104520829&doi=10.1371%2fjournal.pone.0249780&partnerID=40&md5=0d3004031d468e6f332abd250fd5529a,"Pregnant and postpartum women face unique challenges during the COVID-19 pandemic that may put them at elevated risk of mental health problems. However, few large-scale and no cross-national studies have been conducted to date that investigate modifiable pandemic-related behavioral or cognitive factors that may influence mental health in this vulnerable group. This international study sought to identify and measure the associations between pandemic-related information seeking, worries, and prevention behaviors on perinatal mental health during the COVID-19 pandemic. An anonymous, online, cross-sectional survey of pregnant and postpartum women was conducted in 64 countries between May 26, 2020 and June 13, 2020. The survey, available in twelve languages, was hosted on the Pregistry platform for COVID-19 studies (https://corona.pregistry.com) and advertised in social media channels and online parenting forums. Participants completed measures on demographics, COVID-19 exposure and worries, information seeking, COVID-19 prevention behaviors, and mental health symptoms including posttraumatic stress via the IES-6, anxiety/depression via the PHQ-4, and loneliness via the UCLA-3. Of the 6,894 participants, substantial proportions of women scored at or above the cut-offs for elevated posttraumatic stress (2,979 [43%]), anxiety/depression (2,138 [31%], and loneliness (3,691 [53%]). Information seeking from any source (e.g., social media, news, talking to others) five or more times per day was associated with more than twice the odds of elevated posttraumatic stress and anxiety/depression, in adjusted models. A majority of women (86%) reported being somewhat or very worried about COVID-19. The most commonly reported worries were related to pregnancy and delivery, including family being unable to visit after delivery (59%), the baby contracting COVID-19 (59%), lack of a support person during delivery (55%), and COVID-19 causing changes to the delivery plan (41%). Greater worries related to children (i.e., inadequate childcare, their infection risk) and missing medical appointments were associated with significantly higher odds of posttraumatic stress, anxiety/depression and loneliness. Engaging in hygiene-related COVID-19 prevention behaviors (face mask-wearing, washing hands, disinfecting surfaces) were not related to mental health symptoms or loneliness. Elevated posttraumatic stress, anxiety/depression, and loneliness are highly prevalent in pregnant and postpartum women across 64 countries during the COVID-19 pandemic. Excessive information seeking and worries related to children and medical care are associated with elevated symptoms, whereas engaging in hygiene-related preventive measures were not. In addition to screening and monitoring mental health symptoms, addressing excessive information seeking and women’s worries about access to medical care and their children’s well-being, and developing strategies to target loneliness (e.g., online support groups) should be part of intervention efforts for perinatal women. Public health campaigns and medical care systems need to explicitly address the impact of COVID-19 related stressors on mental health in perinatal women, as prevention of viral exposure itself does not mitigate the pandemic’s mental health impact. Copyright: © 2021 Basu et al. This is an open access article distributed under the terms of the Creative Commons Attribution License, which permits unrestricted use, distribution, and reproduction in any medium, provided the original author and source are credited.",,"Adult; Anxiety; COVID-19; Cross-Sectional Studies; Depression; Female; Humans; Loneliness; Mental Disorders; Mental Health; Middle Aged; Pandemics; Parturition; Perinatal Care; Postpartum Period; Pregnancy; SARS-CoV-2; Stress, Psychological; Surveys and Questionnaires; Women's Health; adult; anonymised data; anxiety; Article; coronavirus disease 2019; cross-sectional study; depression; disease association; disease transmission; female; health care access; human; Impact of Events Scale 6; infection prevention; infection risk; information seeking; loneliness; mental health; pandemic; Patient Health Questionnaire 4; patient worry; perinatal period; posttraumatic stress disorder; pregnant woman; prevalence; puerperium; social media; stress assessment; support group; UCLA Three Item Loneliness Scale; wellbeing; birth; depression; etiology; isolation and purification; mental disease; mental stress; middle aged; pandemic; perinatal care; pregnancy; psychology; questionnaire; women's health",Article,Final,All Open Access; Gold Open Access; Green Open Access,Scopus,2-s2.0-85104520829
Horigian V.E.; Schmidt R.D.; Feaster D.J.,"Horigian, Viviana E. (14019795400); Schmidt, Renae D. (57219426983); Feaster, Daniel J. (6701727844)",14019795400; 57219426983; 6701727844,"Loneliness, Mental Health, and Substance Use among US Young Adults during COVID-19",2021,Journal of Psychoactive Drugs,53,1,,1,9,8,245,10.1080/02791072.2020.1836435,https://www.scopus.com/inward/record.uri?eid=2-s2.0-85094566192&doi=10.1080%2f02791072.2020.1836435&partnerID=40&md5=58c8f714f55227ca963ca8b5d4260fcd,"As COVID-19 converges with loneliness and addiction epidemics in the US, both public health and mental health experts forecast dramatic increases in substance use and mental health conditions. This cross-sectional study evaluated relationships of loneliness with depression, anxiety, alcohol use, and drug use during COVID-19, and assessed perceived increases in these symptoms in young adults. Between April 22 and May 11, 2020, 1,008 participants ages 18–35 were recruited through social media to a one-time, online anonymous survey. Symptomatology was assessed using six scales. Perceived changes since COVID-19 were evaluated using 5-point Likert scales. Forty-nine percent of respondents reported loneliness scores above 50; 80% reported significant depressive symptoms; 61% reported moderate to severe anxiety; 30% disclosed harmful levels of drinking. While only 22% of the population reported using drugs, 38% reported severe drug use. Loneliness was associated with higher levels of mental health symptomatology. Participants reported significant increases across mental health and substance use symptoms since COVID-19. While direct impacts of COVID-19 could only be calculated with pre-pandemic assessments of these symptoms, estimates indicate elevated psychosocial symptomatology and suggest that symptoms could have worsened since the pandemic. Findings underscore the importance of prevention and intervention to address these public health problems. © 2020 The Author(s). Published with license by Taylor & Francis Group, LLC.",alcohol use; anxiety; COVID-19; depression; drug use; loneliness,Adolescent; Adult; Age Factors; Alcoholism; Anxiety; COVID-19; Cross-Sectional Studies; Depression; Female; Health Status; Humans; Loneliness; Male; Mental Health; Pandemics; Psychiatric Status Rating Scales; Sex Factors; Substance-Related Disorders; Surveys and Questionnaires; United States; Young Adult; adult; alcohol consumption; Alcohol Use Disorders Identification Test; alcoholism; anxiety; Article; Center for Epidemiological Studies Depression Scale; clinical trial; coronavirus disease 2019; cross-sectional study; depression; disease severity; drinking; drug abuse screening test; drug dependence; drug use; female; generalized anxiety disorder; human; human experiment; Likert scale; loneliness; male; mental health; middle aged; public health; questionnaire; rating scale; screening test; social connectedness scale; social isolation; substance use; UCLA Loneliness Scale; United States; young adult; adolescent; age; alcoholism; depression; drug dependence; health status; loneliness; mental health; pandemic; psychological rating scale; psychology; sex factor,Article,Final,All Open Access; Hybrid Gold Open Access,Scopus,2-s2.0-85094566192
Coughlan H.; Quin D.; O'Brien K.; Healy C.; Deacon J.; Kavanagh N.; Humphries N.; Clarke M.C.; Cannon M.,"Coughlan, Helen (55674069600); Quin, David (57222026477); O'Brien, Kevin (57222014500); Healy, Colm (56480173900); Deacon, Jack (57222031300); Kavanagh, Naoise (57219111380); Humphries, Niamh (23569240200); Clarke, Mary C. (8433785000); Cannon, Mary (7202419754)",55674069600; 57222026477; 57222014500; 56480173900; 57222031300; 57219111380; 23569240200; 8433785000; 7202419754,Online mental health animations for young people: Qualitative empirical thematic analysis and knowledge transfer,2021,Journal of Medical Internet Research,23,2,e21338,,,,10,10.2196/21338,https://www.scopus.com/inward/record.uri?eid=2-s2.0-85101001526&doi=10.2196%2f21338&partnerID=40&md5=9efecb533b2be499a6ddb60fb249746a,"Background: Mental ill-health is one of the most significant health and social issues affecting young people globally. To address the mental health crisis, a number of cross-sectoral research and action priorities have been identified. These include improving mental health literacy, translating research findings into accessible public health outputs, and the use of digital technologies. There are, however, few examples of public health–oriented knowledge transfer activities involving collaborations between researchers, the Arts, and online platforms in the field of youth mental health. Objective: The primary aim of this project was to translate qualitative research findings into a series of online public mental health animations targeting young people between the ages of 16 and 25 years. A further aim was to track online social media engagement and viewing data for the animations for a period of 12 months. Methods: Qualitative data were collected from a sample of 17 youth in Ireland, aged 18-21 years, as part of the longitudinal population-based Adolescent Brain Development study. Interviews explored the life histories and the emotional and mental health of participants. The narrative analysis revealed 5 thematic findings relating to young people’s emotional and mental health. Through a collaboration between research, the Arts, and the online sector, the empirical thematic findings were translated into 5 public health animations. The animations were hosted and promoted on 3 social media platforms of the Irish youth health website called SpunOut. Viewing data, collected over a 12-month period, were analyzed to determine the reach of the animations. Results: Narrative thematic analysis identified anxiety, depression, feeling different, loneliness, and being bullied as common experiences for young people. These thematic findings formed the basis of the animations. During the 12 months following the launch of the animations, they were viewed 15,848 times. A majority of views occurred during the period of the social media ad campaign at a cost of €0.035 (approximately US $0.042) per view. Animations on feeling different and being bullied accounted for the majority of views. Conclusions: This project demonstrates that online animations provide an accessible means of translating empirical research findings into meaningful public health outputs. They offer a cost-effective way to provide targeted online information about mental health, coping, and help-seeking to young people. Cross-sectoral collaboration is required to leverage the knowledge and expertise required to maximize the quality and potential reach of any knowledge transfer activities. A high level of engagement is possible by targeting non–help-seeking young people on their native social media platforms. Paid promotion is, therefore, an important consideration when budgeting for online knowledge translation and dissemination activities in health research. © Helen Coughlan, David Quin, Kevin O'Brien, Colm Healy, Jack Deacon, Naoise Kavanagh, Niamh Humphries, Mary C Clarke, Mary Cannon.",Anxiety; Bullying; Depression; Internet; Knowledge translation; Loneliness; Mental health; Mental health literacy; Public health; Qualitative; Social media; Youth,Adolescent; Adult; Empirical Research; Female; Humans; Knowledge; Male; Mental Health; Qualitative Research; Social Media; Surveys and Questionnaires; Telemedicine; Young Adult; adolescence; adolescent; adult; age; anxiety; Article; attitude to health; brain development; bullying; clinical article; depression; emotion; emotional stability; empirical research; female; health care cost; human; Internet; Ireland; life history; loneliness; male; medical research; mental health; population health; qualitative research; social media; thematic analysis; knowledge; mental health; procedures; questionnaire; telemedicine; young adult,Article,Final,All Open Access; Gold Open Access; Green Open Access,Scopus,2-s2.0-85101001526
Lemay D.J.; Doleck T.; Bazelais P.,"Lemay, David John (57191276628); Doleck, Tenzin (56426560500); Bazelais, Paul (57191285627)",57191276628; 56426560500; 57191285627,"Self-determination, loneliness, fear of missing out, and academic performance",2019,Knowledge Management and E-Learning,11,4,,485,496,11,25,10.34105/j.kmel.2019.11.025,https://www.scopus.com/inward/record.uri?eid=2-s2.0-85079415687&doi=10.34105%2fj.kmel.2019.11.025&partnerID=40&md5=285298f2ec08803bd930cb4a2847b43b,"Instances of anxiety, depression, and loneliness are attaining epidemic-levels among college-age students. Self-determination theory suggests that such feelings are attributable to antagonistic situations hindering the satisfaction of an individual's basic needs for autonomy, competence, and relatedness. Fear of Missing Out (FOMO) is a phenomenon that arose in the context of social media use and refers to the need to stay continually connected. Studies have shown that problematic social media and mobile technology use are related to feelings of anxiety, depression, and loneliness, and FOMO. Few studies have examined the relationships between these factors and academic performance. This study examines how Loneliness, FOMO, and the basic needs Autonomy, Competence, and Relatedness, are related to Academic Performance. We find a positive influence of FOMO and a negative influence of Autonomy on Academic Performance. We discuss these and other findings. © 2019 Hong Kong Bao Long Accounting And Secretarial Limited. All rights reserved.",Academic achievement; College students; Fear of missing out; Loneliness; Selfdetermination theory,,Article,Final,All Open Access; Gold Open Access,Scopus,2-s2.0-85079415687
Roy A.; Nikolitch K.; McGinn R.; Jinah S.; Klement W.; Kaminsky Z.A.,"Roy, Arunima (56912705500); Nikolitch, Katerina (57193840406); McGinn, Rachel (57212378891); Jinah, Safiya (57218149000); Klement, William (34771449800); Kaminsky, Zachary A. (8687274300)",56912705500; 57193840406; 57212378891; 57218149000; 34771449800; 8687274300,A machine learning approach predicts future risk to suicidal ideation from social media data,2020,npj Digital Medicine,3,1,78,,,,122,10.1038/s41746-020-0287-6,https://www.scopus.com/inward/record.uri?eid=2-s2.0-85088069409&doi=10.1038%2fs41746-020-0287-6&partnerID=40&md5=e46df6334fb09fe0f2a225f2811f9642,"Machine learning analysis of social media data represents a promising way to capture longitudinal environmental influences contributing to individual risk for suicidal thoughts and behaviors. Our objective was to generate an algorithm termed “Suicide Artificial Intelligence Prediction Heuristic (SAIPH)” capable of predicting future risk to suicidal thought by analyzing publicly available Twitter data. We trained a series of neural networks on Twitter data queried against suicide associated psychological constructs including burden, stress, loneliness, hopelessness, insomnia, depression, and anxiety. Using 512,526 tweets from N = 283 suicidal ideation (SI) cases and 3,518,494 tweets from 2655 controls, we then trained a random forest model using neural network outputs to predict binary SI status. The model predicted N = 830 SI events derived from an independent set of 277 suicidal ideators relative to N = 3159 control events in all non-SI individuals with an AUC of 0.88 (95% CI 0.86–0.90). Using an alternative approach, our model generates temporal prediction of risk such that peak occurrences above an individual specific threshold denote a ~7 fold increased risk for SI within the following 10 days (OR = 6.7 ± 1.1, P = 9 × 10−71). We validated our model using regionally obtained Twitter data and observed significant associations of algorithm SI scores with county-wide suicide death rates across 16 days in August and in October, 2019, most significantly in younger individuals. Algorithmic approaches like SAIPH have the potential to identify individual future SI risk and could be easily adapted as clinical decision tools aiding suicide screening and risk monitoring using available technologies. © 2020, The Author(s).",,Decision trees; Machine learning; Random forests; Risk assessment; Social networking (online); Environmental influences; Independent set; Individual risks; Machine learning approaches; Machine-learning; Neural-networks; Random forest modeling; Social media datum; Suicidal ideation; Temporal prediction; adult; anxiety; Article; controlled study; depression; disease burden; female; hopelessness; human; insomnia; loneliness; machine learning; major clinical study; male; mortality rate; priority journal; risk assessment; social media; stress; suicidal ideation; suicide; Forecasting,Article,Final,All Open Access; Gold Open Access; Green Open Access,Scopus,2-s2.0-85088069409
Peper E.; Harvey R.,"Peper, Erik (7004195471); Harvey, Richard (7401535001)",7004195471; 7401535001,"Digital addiction: Increased loneliness, anxiety, and depression",2018,NeuroRegulation,5,1,,3,8,5,57,10.15540/nr.5.1.3,https://www.scopus.com/inward/record.uri?eid=2-s2.0-85046054520&doi=10.15540%2fnr.5.1.3&partnerID=40&md5=3758af9f184a507deb9e9bbbb700e6b9,"Digital addiction is defined by the American Society for Addiction Medicine (ASAM) as well as the American Psychiatric Association (APA) as ""a primary, chronic disease of brain reward, motivation, memory, and related circuitry. Dysfunction in these circuits leads to characteristic biological, psychological, social, and spiritual manifestations. This is reflected in an individual pathologically pursuing reward and/or relief by substance use and other behaviors"" with examples such a such as internet gaming or similar behaviors. Symptoms of digital addiction such as increased loneliness (also called ""phoneliness""), anxiety, and depression were observed in a sample of university undergraduates who completed a survey about smartphone use during and outside of class. Other observations included observations of ""iNeck"" (poor) posture as well as how multitasking/semitasking was prevalent in the sample. Implications of continued digital addition are discussed. © 2018. Peper and Harvey.",Depression; Digital addiction; Loneliness; Multitasking; Smartphones,anxiety; Article; behavioral observation; computer addiction; depression; game addiction; human; internet addiction; loneliness; peripheral vision; pornography use; practice guideline; school; social media; software; undergraduate student; visual stimulation,Article,Final,All Open Access; Gold Open Access; Green Open Access,Scopus,2-s2.0-85046054520
Guntuku S.C.; Schneider R.; Pelullo A.; Young J.; Wong V.; Ungar L.; Polsky D.; Volpp K.G.; Merchant R.,"Guntuku, Sharath Chandra (56090864700); Schneider, Rachelle (57211590437); Pelullo, Arthur (57206252882); Young, Jami (58593667200); Wong, Vivien (57211591040); Ungar, Lyle (57201020481); Polsky, Daniel (7003734944); Volpp, Kevin G (6603864613); Merchant, Raina (14028632100)",56090864700; 57211590437; 57206252882; 58593667200; 57211591040; 57201020481; 7003734944; 6603864613; 14028632100,Studying expressions of loneliness in individuals using twitter: an observational study,2019,BMJ Open,9,11,30355,,,,71,10.1136/bmjopen-2019-030355,https://www.scopus.com/inward/record.uri?eid=2-s2.0-85074546314&doi=10.1136%2fbmjopen-2019-030355&partnerID=40&md5=0fac1bb1a5dca95a55586039f4824f23,"Objectives Loneliness is a major public health problem and an estimated 17% of adults aged 18-70 in the USA reported being lonely. We sought to characterise the (online) lives of people who mention the words 'lonely' or 'alone' in their Twitter timeline and correlate their posts with predictors of mental health. Setting and design From approximately 400 million tweets collected from Twitter in Pennsylvania, USA, between 2012 and 2016, we identified users whose Twitter posts contained the words 'lonely' or 'alone' and compared them to a control group matched by age, gender and period of posting. Using natural-language processing, we characterised the topics and diurnal patterns of users' posts, their association with linguistic markers of mental health and if language can predict manifestations of loneliness. The statistical analysis, data synthesis and model creation were conducted in 2018-2019. Primary outcome measures We evaluated counts of language features in the users with posts including the words lonely or alone compared with the control group. These language features were measured by (a) open-vocabulary topics, (b) Linguistic Inquiry Word Count (LIWC) lexicon, (c) linguistic markers of anger, depression and anxiety, and (d) temporal patterns and number of drug words. Using machine learning, we also evaluated if expressions of loneliness can be predicted in users' timelines, measured by area under curve (AUC). Results Twitter timelines of users (n=6202) with posts including the words lonely or alone were found to include themes about difficult interpersonal relationships, psychosomatic symptoms, substance use, wanting change, unhealthy eating and having troubles with sleep. Their posts were also associated with linguistic markers of anger, depression and anxiety. A random forest model predicted expressions of loneliness online with an AUC of 0.86. Conclusions Users' Twitter timelines with the words lonely or alone often include psychosocial features and can potentially have associations with how individuals express and experience loneliness. This can inform low-resource online assessment for high-risk individuals experiencing loneliness and interventions focused on addressing morbidities in this condition. © Author(s) (or their employer(s)) 2019.",loneliness mentions; mental health; natural language processing; social media; twitter,Adult; Anxiety; Depression; Expressed Emotion; Female; Humans; Language; Loneliness; Machine Learning; Male; Natural Language Processing; Retrospective Studies; Social Media; Time Factors; Young Adult; adult; age; alcohol consumption; anger; anxiety; Article; behavior change; circadian rhythm; cohort analysis; controlled study; correlation coefficient; depression; emotion; feeding behavior; female; food; gender; human; human relation; hunger; insomnia; language; linguistics; loneliness; machine learning; major clinical study; male; mental health; natural language processing; observational study; online social network; outcome assessment; Pennsylvania; personal experience; psychosomatic disorder; random forest; retrospective study; self concept; self reflection; social media; substance use; thematic analysis; unhealthy diet; vocabulary; young adult; emotion; language; loneliness; psychology; time factor,Article,Final,All Open Access; Gold Open Access; Green Open Access,Scopus,2-s2.0-85074546314
Rutter L.A.; Thompson H.M.; Howard J.; Riley T.N.; De Jesús-Romero R.D.; Lorenzo-Luaces L.,"Rutter, Lauren A (55185022000); Thompson, Holly M (57278578900); Howard, Jacqueline (57205218335); Riley, Tennisha N (57189327703); De Jesús-Romero, Robinson (57217069137); Lorenzo-Luaces, Lorenzo (55897858800)",55185022000; 57278578900; 57205218335; 57189327703; 57217069137; 55897858800,"Social media use, physical activity, and internalizing symptoms in adolescence: Cross-sectional analysis",2021,JMIR Mental Health,8,9,e26134,,,,24,10.2196/26134,https://www.scopus.com/inward/record.uri?eid=2-s2.0-85116027094&doi=10.2196%2f26134&partnerID=40&md5=e4b8f7cc66d1e914e2cb77ed1928541a,"Background: Most American adolescents have access to smartphones, and recent estimates suggest that they spend considerable time on social media compared with other physical and leisure activities. A large body of literature has established that social media use is related to poor mental health, but the complicated relationship between social media and symptoms of depression and anxiety in adolescents is yet to be fully understood. Objective: We aim to investigate the relationship between social media use and depression and anxiety symptoms in adolescents by exploring physical activity as a mediator. Methods: A Qualtrics survey manager recruited adult panel participants between February and March 2019, who indicated that they had adolescent children who spoke English. A total of 4592 adolescent-parent dyads completed the survey that took approximately 39 minutes. The survey entailed completing web-based questionnaires assessing various aspects of social media use, psychological symptoms, and psychosocial factors. The average age of the adolescent participants was 14.62 (SD 1.68; range 12-17) years, and the majority of the adolescent sample was male (2392/4592, 52.09%). Results: Total social media use was associated with more depressive symptoms (multiple R2=0.12; F3,4480=207.1; P<.001), anxiety (multiple R2=0.09; F3,4477=145.6; P<.001), and loneliness (multiple R2=0.06; F3,4512=98.06; P<.001), controlling for age and gender. Physical activity was associated with decreased depression and anxiety symptoms after controlling for other extracurricular activities and social media use (multiple R2=0.24; F5,4290=266.0; P<.001). There were significant differences in symptoms based on gender: female adolescents reported higher rates of social media use and males reported higher rates of depression. Nonbinary and transgender adolescents had higher rates of depression, anxiety, and loneliness than the female and male adolescents in the sample. Conclusions: In a nationally representative sample of adolescents, more social media use was associated with more severe symptoms of depression, anxiety, and loneliness. Increased physical activity was associated with decreased depression and anxiety symptoms. Physical activity partially mediated the relationship between social media use and depression and anxiety. As this was a cross-sectional study, we cannot conclude that social media use causes internalizing symptoms or that physical activity leads to decreased internalizing symptoms-there may be additional confounding variables producing the relationships we observed. Physical activity may protect against the potentially harmful effect of social media on some adolescents. The effect sizes were small to medium, and the results should be interpreted with caution. Other limitations of this study include our reliance on self-reporting. Future work should examine social media use beyond how much time adolescents spend using social media and instead focus on the nature of social media activity. © 2021 JMIR Publications Inc. All right reserved.",Adolescence; Anxiety; Depression; Mobile phone; Physical activity; Social media,adolescent; adolescent behavior; adolescent parent; adoptive parent; anxiety disorder; Article; caregiver; Caucasian; child; controlled study; cross-sectional study; depression; extracurricular activity; female; female to male transgender; grandparent; health survey; Hispanic; human; internalizing disorder; loneliness; major clinical study; male; male to female transgender; parent; physical activity; poverty level; questionnaire; social media; social psychology; social status; social support; stepparent,Article,Final,All Open Access; Gold Open Access; Green Open Access,Scopus,2-s2.0-85116027094
Shanahan N.; Brennan C.; House A.,"Shanahan, Nicola (57205696734); Brennan, Cathy (7102931295); House, Allan (7101698319)",57205696734; 7102931295; 7101698319,Self-harm and social media: Thematic analysis of images posted on three social media sites,2019,BMJ Open,9,2,e027006,,,,37,10.1136/bmjopen-2018-027006,https://www.scopus.com/inward/record.uri?eid=2-s2.0-85061154701&doi=10.1136%2fbmjopen-2018-027006&partnerID=40&md5=8250f38226ad13446b6beb065856f330,"Objectives To explore the nature of images tagged as self-harm on popular social media sites and what this might tell us about how these sites are used. Design A visual content and thematic analysis of a sample of 602 images captured from Twitter, Instagram and Tumblr. Results Over half the images tagged as self-harm had no explicit representation of self-harm. Where there was explicit representation, self-injury was the most common; none of these portrayed images of graphic or shocking self-injury. None of the images we captured specifically encouraged self-harm or suicide and there was no image that could be construed as sensationalising self-harm. Four themes were found across the images: Communicating distress, addiction and recovery, gender and the female body, identity and belonging. Conclusions Findings suggest that clinicians should not be overly anxious about what is being posted on social media. Although we found a very few posts suggesting self-injury was attractive, there were no posts that could be viewed as actively encouraging others to self-harm. Rather, the sites were being used to express difficult emotions in a variety of creative ways, offering inspiration to others through the form of texts or shared messages about recovery. © 2019 Author(s).",images; self-harm; social media,Humans; Self-Injurious Behavior; Social Media; Suicidal Ideation; addiction; anxiety; Article; automutilation; content analysis; depression; distress syndrome; drawing; eating disorder; human; identity; loneliness; photography; sadness; sex difference; social media; suicide; thematic analysis; automutilation; psychology; social media; suicidal ideation,Article,Final,All Open Access; Gold Open Access; Green Open Access,Scopus,2-s2.0-85061154701
,,,,,,,,,,,,,,,,,,,,,,
